date,stock_id,Trading_Volume,Trading_money,open,max,min,close,spread,Trading_turnover
2025-01-02,7803,505185.0,20169810.0,37.72,41.2,37.8,40.95,2.21,316.0
2025-01-03,7803,235665.0,9480514.0,39.93,41.95,39.35,40.15,0.3,138.0
2025-01-06,7803,263469.0,10908491.0,40.23,42.0,40.0,40.5,1.17,175.0
2025-01-07,7803,1207471.0,53697091.0,41.4,47.05,40.55,46.25,3.07,623.0
2025-01-08,7803,594466.0,26174109.0,44.47,46.3,41.9,43.8,-0.44,261.0
2025-01-09,7803,107284.0,4561137.0,44.03,44.15,40.9,41.5,-1.52,77.0
2025-01-10,7803,102607.0,4262953.0,42.51,42.15,40.75,41.5,-0.96,76.0
2025-01-13,7803,148409.0,6163694.0,41.55,43.0,40.8,41.15,-0.02,89.0
2025-01-14,7803,51451.0,2112596.0,41.53,41.45,40.75,41.45,-0.47,41.0
2025-01-15,7803,98431.0,3928121.0,41.06,41.0,39.0,40.0,-1.15,72.0
2025-01-16,7803,70200.0,2813675.0,39.91,40.5,39.6,39.95,0.17,39.0
2025-01-17,7803,17325.0,684241.0,40.08,40.75,39.0,39.45,-0.59,16.0
2025-01-20,7803,131165.0,5196646.0,39.49,39.95,39.0,39.6,0.13,84.0
2025-01-21,7803,64491.0,2525678.0,39.62,40.0,38.55,39.45,-0.46,64.0
2025-01-22,7803,30712.0,1206245.0,39.16,39.75,39.05,39.3,0.12,24.0
2025-02-03,7803,180904.0,7088267.0,39.28,39.9,38.8,38.85,-0.1,113.0
2025-02-04,7803,138527.0,5340608.0,39.18,39.65,37.85,38.05,-0.63,99.0
2025-02-05,7803,110500.0,4402392.0,38.55,40.95,39.0,40.0,1.29,72.0
2025-02-06,7803,407363.0,16915920.0,39.84,42.95,39.5,42.4,1.69,253.0
2025-02-07,7803,315199.0,13359683.0,41.53,42.95,41.7,42.2,0.85,194.0
2025-02-10,7803,126834.0,5145096.0,42.38,42.2,39.5,39.75,-1.81,83.0
2025-02-11,7803,108885.0,4365756.0,40.57,40.95,39.6,40.5,-0.47,73.0
2025-02-12,7803,28505.0,1138090.0,40.1,41.05,39.7,40.05,-0.17,18.0
2025-02-13,7803,31575.0,1276783.0,39.93,41.1,39.7,39.85,0.51,22.0
2025-02-14,7803,44302.0,1782939.0,40.44,41.15,39.85,41.1,-0.19,25.0
2025-02-17,7803,337831.0,14237057.0,40.25,43.15,41.0,43.0,1.89,200.0
2025-02-18,7803,241565.0,10475981.0,42.14,44.05,42.85,44.05,1.23,253.0
2025-02-19,7803,195369.0,8572321.0,43.37,44.2,43.45,43.65,0.51,167.0
2025-02-20,7803,127868.0,5459586.0,43.88,44.0,42.05,42.95,-1.18,103.0
2025-02-21,7803,43554.0,1875158.0,42.7,43.95,42.55,42.9,0.35,43.0
2025-02-24,7803,96605.0,4124356.0,43.05,43.15,42.05,42.05,-0.36,66.0
2025-02-25,7803,161750.0,6795514.0,42.69,43.15,41.15,43.0,-0.68,102.0
2025-02-26,7803,59586.0,2499664.0,42.01,42.2,41.35,42.15,-0.06,45.0
2025-02-27,7803,67441.0,2833271.0,41.95,42.15,41.35,42.1,0.06,41.0
2025-03-03,7803,52138.0,2151355.0,42.01,42.15,41.0,41.0,-0.75,37.0
2025-03-04,7803,78360.0,3178540.0,41.26,41.95,40.05,40.6,-0.7,54.0
2025-03-05,7803,66703.0,2735576.0,40.56,41.15,40.3,41.15,0.45,39.0
2025-03-06,7803,41044.0,1695460.0,41.01,41.65,40.65,41.0,0.3,25.0
2025-03-07,7803,392580.0,15184646.0,41.31,40.75,36.0,38.7,-2.63,248.0
2025-03-10,7803,49190.0,1915443.0,38.68,39.2,38.35,39.2,0.26,35.0
2025-03-11,7803,86370.0,3288950.0,38.94,39.1,37.25,37.85,-0.86,57.0
2025-03-12,7803,51659.0,2003984.0,38.08,39.25,38.05,38.8,0.71,31.0
2025-03-13,7803,63418.0,2451057.0,38.79,39.8,37.5,38.6,-0.14,47.0
2025-03-14,7803,25682.0,977159.0,38.65,38.95,37.1,37.6,-0.6,25.0
2025-03-17,7803,11002.0,430228.0,38.05,39.9,38.95,39.0,1.05,12.0
2025-03-18,7803,50104.0,1954434.0,39.1,40.0,38.1,38.85,-0.09,31.0
2025-03-19,7803,72527.0,2780003.0,39.01,39.5,37.05,38.4,-0.68,62.0
2025-03-20,7803,25312.0,972171.0,38.33,39.0,38.0,38.05,0.08,21.0
2025-03-21,7803,67842.0,2584587.0,38.41,39.15,37.9,38.2,-0.31,51.0
2025-03-24,7803,2302.0,88806.0,38.1,39.2,38.05,38.05,0.48,5.0
2025-03-25,7803,6318.0,242721.0,38.58,39.15,38.05,38.5,-0.16,10.0
2025-03-26,7803,49099.0,1909010.0,38.42,39.15,38.0,38.05,0.46,33.0
2025-03-27,7803,69543.0,2654658.0,38.88,39.0,37.8,38.0,-0.71,50.0
2025-03-28,7803,29563.0,1132772.0,38.17,38.8,37.85,38.45,0.15,27.0
2025-03-31,7803,42253.0,1582667.0,38.32,38.0,36.15,37.85,-0.86,39.0
2025-04-01,7803,127695.0,4671032.0,37.46,37.7,36.0,37.6,-0.88,85.0
2025-04-02,7803,27843.0,1018662.0,36.58,37.75,36.0,36.05,0.01,30.0
2025-04-07,7803,199482.0,6273778.0,36.59,36.0,29.85,30.5,-5.14,158.0
2025-04-08,7803,120269.0,3629226.0,31.45,31.3,29.55,30.0,-1.27,90.0
2025-04-09,7803,222785.0,6294165.0,30.18,30.0,26.0,26.95,-1.93,142.0
2025-04-10,7803,200660.0,6198037.0,28.25,32.4,27.0,31.0,2.64,102.0
2025-04-11,7803,68154.0,2035719.0,30.89,30.7,29.1,30.55,-1.02,42.0
2025-04-14,7803,43100.0,1310580.0,29.87,30.6,30.15,30.5,0.54,23.0
2025-04-15,7803,59586.0,1761334.0,30.41,30.9,29.3,30.9,-0.85,35.0
2025-04-16,7803,20000.0,606050.0,29.56,30.5,30.0,30.45,0.74,9.0
2025-04-17,7803,5510.0,165373.0,30.3,31.05,29.5,31.05,-0.29,10.0
2025-04-18,7803,9005.0,278709.0,30.01,31.95,30.8,31.95,0.94,7.0
2025-04-21,7803,61600.0,1891675.0,30.95,31.9,29.9,29.9,-0.24,33.0
2025-04-22,7803,19000.0,568650.0,30.71,30.0,29.85,30.0,-0.78,11.0
2025-04-23,7803,17065.0,529679.0,29.93,31.7,30.2,31.6,1.11,11.0
2025-04-24,7803,8749.0,270453.0,31.04,31.6,30.6,31.6,-0.13,15.0
2025-04-25,7803,4291.0,133601.0,30.91,31.5,30.9,31.0,0.23,7.0
2025-04-28,7803,41508.0,1264910.0,31.14,31.15,29.35,31.0,-0.67,37.0
2025-04-29,7803,55673.0,1749489.0,30.47,33.15,30.0,33.15,0.95,36.0
2025-04-30,7803,54356.0,1821923.0,31.42,34.2,32.95,33.95,2.1,34.0
2025-05-02,7803,40084.0,1337738.0,33.52,33.95,32.9,32.95,-0.15,29.0
2025-05-05,7803,29927.0,958501.0,33.37,33.95,30.9,31.75,-1.34,22.0
2025-05-06,7803,22845.0,719609.0,32.03,32.1,30.4,32.1,-0.53,17.0
2025-05-07,7803,1107.0,34161.0,31.5,32.0,30.8,32.0,-0.64,5.0
2025-05-08,7803,100.0,3085.0,30.86,30.85,30.85,30.85,-0.01,1.0
2025-05-09,7803,66650.0,1972420.0,30.85,31.05,28.5,29.55,-1.26,48.0
2025-05-12,7803,24771.0,758124.0,29.59,31.35,30.05,31.35,1.02,22.0
2025-05-13,7803,16899.0,538618.0,30.61,32.75,31.8,32.75,1.26,11.0
2025-05-14,7803,23146.0,742081.0,31.87,32.8,31.7,31.9,0.19,16.0
2025-05-15,7803,3130.0,101019.0,32.06,32.55,31.9,32.55,0.21,5.0
2025-05-16,7803,68909.0,2254783.0,32.27,34.0,32.35,32.35,0.45,46.0
2025-05-19,7803,30053.0,972563.0,32.72,32.5,31.45,32.4,-0.36,19.0
2025-05-20,7803,14660.0,480289.0,32.36,33.45,32.2,32.8,0.4,11.0
2025-05-21,7803,22640.0,729785.0,32.76,32.9,31.8,32.9,-0.53,20.0
2025-05-22,7803,14015.0,452641.0,32.23,32.75,31.55,32.75,0.07,8.0
2025-05-23,7803,28788.0,928641.0,32.3,33.0,31.5,33.0,-0.04,20.0
2025-05-26,7803,34812.0,1152106.0,32.26,33.25,32.0,33.1,0.84,21.0
2025-05-27,7803,19350.0,622978.0,33.1,33.2,31.9,32.0,-0.9,14.0
2025-05-28,7803,9130.0,301102.0,32.2,33.1,32.9,33.1,0.78,10.0
2025-05-29,7803,16026.0,521253.0,32.98,33.1,32.0,32.4,-0.45,11.0
2025-06-02,7803,10345.0,331190.0,32.53,32.95,31.75,32.65,-0.52,12.0
2025-06-03,7803,42966.0,1357632.0,32.01,32.7,31.35,31.8,-0.41,30.0
2025-06-04,7803,38805.0,1221789.0,31.6,32.2,31.0,32.2,-0.11,28.0
2025-06-05,7803,19585.0,626601.0,31.49,32.7,31.1,32.0,0.5,19.0
2025-06-06,7803,8088.0,258217.0,31.99,33.0,31.5,32.1,-0.06,12.0
2025-06-09,7803,16160.0,510584.0,31.93,33.0,31.3,32.0,-0.33,16.0
2025-06-10,7803,27070.0,870657.0,31.6,32.6,32.0,32.6,0.56,16.0
2025-06-11,7803,31535.0,991498.0,32.16,31.95,31.0,31.95,-0.72,21.0
2025-06-12,7803,12150.0,389450.0,31.44,33.0,31.9,33.0,0.61,9.0
2025-06-13,7803,50613.0,1579226.0,32.05,32.5,30.95,31.2,-0.85,40.0
2025-06-16,7803,5320.0,166237.0,31.2,31.6,31.05,31.6,0.05,5.0
2025-06-17,7803,39237.0,1239721.0,31.25,32.2,31.1,32.2,0.35,22.0
2025-06-18,7803,6000.0,189300.0,31.6,31.6,31.5,31.6,-0.05,4.0
2025-06-19,7803,22045.0,700269.0,31.55,32.2,31.5,31.8,0.22,14.0
2025-06-20,7803,20309.0,660037.0,31.77,33.15,31.6,32.5,0.73,15.0
2025-06-23,7803,31109.0,990456.0,32.5,32.85,31.0,31.6,-0.66,19.0
2025-06-24,7803,32780.0,1044805.0,31.84,33.0,31.45,31.5,0.03,26.0
2025-06-25,7803,50950.0,1600446.0,31.87,32.5,30.45,31.55,-0.46,26.0
2025-06-26,7803,9055.0,290405.0,31.41,32.2,31.05,32.15,0.66,7.0
2025-06-27,7803,9065.0,284992.0,32.07,32.2,31.25,32.15,-0.63,9.0
2025-06-30,7803,22010.0,692574.0,31.44,32.45,31.0,32.45,0.03,12.0
2025-07-01,7803,17406.0,545028.0,31.47,32.5,31.05,31.5,-0.16,15.0
2025-07-02,7803,17002.0,529162.0,31.31,31.2,31.0,31.2,-0.19,12.0
2025-07-03,7803,19251.0,608492.0,31.12,32.45,31.0,32.05,0.49,18.0
2025-07-04,7803,4420.0,138844.0,31.61,32.4,31.05,32.4,-0.2,7.0
2025-07-07,7803,20870.0,646760.0,31.41,31.25,30.4,31.25,-0.42,16.0
2025-07-08,7803,17076.0,521841.0,30.99,31.25,30.05,31.25,-0.43,14.0
2025-07-09,7803,20060.0,612317.0,30.56,31.25,30.05,31.25,-0.04,11.0
2025-07-10,7803,16130.0,494755.0,30.52,31.25,30.1,31.2,0.15,14.0
2025-07-11,7803,20071.0,614433.0,30.67,31.25,30.3,31.0,-0.06,16.0
2025-07-14,7803,14236.0,433480.0,30.61,31.25,30.05,31.2,-0.16,14.0
2025-07-15,7803,32216.0,990704.0,30.45,31.25,30.05,31.1,0.3,23.0
2025-07-16,7803,90338.0,2743071.0,30.75,31.05,30.1,30.95,-0.39,63.0
2025-07-17,7803,48890.0,1475409.0,30.36,30.8,30.0,30.7,-0.18,27.0
2025-07-18,7803,13710.0,415647.0,30.18,30.7,30.1,30.7,0.14,12.0
2025-07-21,7803,33429.0,1009001.0,30.32,30.7,30.0,30.5,-0.14,27.0
2025-07-22,7803,36605.0,1106688.0,30.18,30.6,29.95,30.3,0.05,32.0
2025-07-23,7803,14151.0,430926.0,30.23,30.9,30.0,30.6,0.22,16.0
2025-07-24,7803,17200.0,521945.0,30.45,30.8,30.15,30.3,-0.1,14.0
2025-07-25,7803,50195.0,1509479.0,30.35,30.5,29.85,30.15,-0.28,47.0
2025-07-28,7803,32790.0,987190.0,30.07,30.95,29.9,30.9,0.04,35.0
2025-07-29,7803,77606.0,2289191.0,30.11,30.15,29.05,29.4,-0.61,61.0
2025-07-30,7803,64533.0,1974096.0,29.5,31.35,29.05,31.3,1.09,44.0
2025-07-31,7803,19160.0,591298.0,30.59,31.25,30.5,30.85,0.27,15.0
2025-08-01,7803,10956.0,329593.0,30.86,30.75,29.5,30.1,-0.78,17.0
2025-08-04,7803,74776.0,2215335.0,30.08,30.5,29.3,30.0,-0.45,74.0
2025-08-05,7803,45981.0,1366599.0,29.63,30.0,29.2,29.9,0.09,37.0
2025-08-06,7803,47048.0,1390022.0,29.72,30.0,29.0,29.8,-0.18,36.0
2025-08-07,7803,8766.0,256926.0,29.54,29.8,29.1,29.4,-0.23,10.0
2025-08-08,7803,36243.0,1058441.0,29.31,29.8,29.0,29.4,-0.11,31.0
2025-08-11,7803,58253.0,1690558.0,29.2,29.55,28.8,29.1,-0.18,54.0
2025-08-12,7803,92860.0,2681625.0,29.02,29.2,28.5,29.1,-0.14,65.0
2025-08-13,7803,37969.0,1097891.0,28.88,29.4,28.5,29.4,0.04,27.0
2025-08-14,7803,37080.0,1077932.0,28.92,29.95,28.65,29.0,0.15,22.0
2025-08-15,7803,35235.0,1026288.0,29.07,29.8,29.0,29.1,0.06,25.0
2025-08-18,7803,61035.0,1777916.0,29.13,29.55,28.85,29.25,0.0,33.0
2025-08-19,7803,69010.0,2011649.0,29.13,29.95,28.85,29.1,0.02,34.0
2025-08-20,7803,9412.0,275298.0,29.15,29.95,29.0,29.85,0.1,14.0
2025-08-21,7803,6430.0,190575.0,29.25,29.9,29.1,29.9,0.39,9.0
2025-08-22,7803,30088.0,901929.0,29.64,30.45,29.7,30.0,0.34,18.0
2025-08-25,7803,66531.0,2008386.0,29.98,31.5,29.85,30.65,0.21,49.0
2025-08-26,7803,23720.0,699005.0,30.19,30.5,29.0,30.15,-0.72,19.0
2025-08-27,7803,28623.0,853966.0,29.47,30.25,29.1,30.2,0.36,37.0
2025-08-28,7803,20221.0,606045.0,29.83,30.25,29.0,30.1,0.14,23.0
2025-08-29,7803,321530.0,10343143.0,29.97,33.65,30.1,33.25,2.2,228.0
2025-09-01,7803,300008.0,10378388.0,32.17,36.05,32.85,34.5,2.42,219.0
2025-09-02,7803,72631.0,2431273.0,34.59,35.25,32.55,33.1,-1.12,61.0
2025-09-03,7803,23326.0,787638.0,33.47,34.4,33.0,34.4,0.3,33.0
2025-09-04,7803,72385.0,2383129.0,33.77,34.4,32.2,32.8,-0.85,84.0
2025-09-05,7803,20158.0,671978.0,32.92,34.0,32.5,34.0,0.42,17.0
2025-09-08,7803,88561.0,2936195.0,33.34,33.8,32.5,33.0,-0.19,63.0
2025-09-09,7803,246255.0,8934955.0,33.15,38.0,33.0,37.0,3.13,177.0
2025-09-10,7803,205863.0,7334609.0,36.28,37.45,34.55,35.2,-0.65,164.0
2025-09-11,7803,74080.0,2626000.0,35.63,36.15,34.85,36.0,-0.18,56.0
2025-09-12,7803,100464.0,3559866.0,35.45,36.15,35.0,36.15,-0.02,71.0
2025-09-15,7803,64141.0,2257418.0,35.43,36.75,34.8,35.45,-0.24,74.0
2025-09-16,7803,43906.0,1529211.0,35.19,35.45,34.2,35.45,-0.36,86.0
2025-09-17,7803,45985.0,1611065.0,34.83,35.5,34.5,35.45,0.2,44.0
2025-09-18,7803,33384.0,1158760.0,35.03,35.5,34.1,34.2,-0.32,36.0
2025-09-19,7803,62441.0,2191663.0,34.71,35.75,34.0,35.75,0.39,69.0
2025-09-22,7803,78260.0,2779590.0,35.1,36.0,35.0,35.5,0.42,43.0
2025-09-23,7803,44671.0,1574232.0,35.52,35.8,35.0,35.6,-0.28,47.0
2025-09-24,7803,18910.0,668231.0,35.24,35.95,35.05,35.6,0.1,24.0
2025-09-25,7803,14055.0,494390.0,35.34,35.8,35.0,35.65,-0.16,17.0
2025-09-26,7803,45590.0,1592214.0,35.18,35.65,34.5,35.35,-0.26,36.0
2025-09-30,7803,36735.0,1295973.0,34.92,35.8,35.05,35.3,0.36,33.0
2025-10-01,7803,20405.0,722020.0,35.28,36.3,35.05,35.3,0.1,21.0
2025-10-02,7803,113731.0,3995382.0,35.38,36.0,34.5,35.0,-0.25,65.0
2025-10-03,7803,24450.0,861175.0,35.13,35.5,34.65,35.3,0.09,21.0
2025-10-07,7803,44922.0,1584571.0,35.22,36.0,34.95,35.95,0.05,41.0
2025-10-08,7803,108420.0,3905303.0,35.27,37.0,35.55,36.25,0.75,91.0
2025-10-09,7803,72746.0,2604138.0,36.02,36.5,35.35,35.65,-0.22,62.0
2025-10-13,7803,13890.0,481252.0,35.8,35.45,34.0,35.45,-1.15,18.0
2025-10-14,7803,43205.0,1507806.0,34.65,35.45,34.6,35.0,0.25,32.0
2025-10-15,7803,60355.0,2079626.0,34.9,35.4,34.0,35.4,-0.44,41.0
2025-10-16,7803,4810.0,164102.0,34.46,34.75,34.05,34.5,-0.34,8.0
2025-10-17,7803,36260.0,1238599.0,34.12,34.65,34.0,34.35,0.04,29.0
2025-10-20,7803,48590.0,1665148.0,34.16,34.6,33.85,34.35,0.11,36.0
2025-10-21,7803,46861.0,1583592.0,34.27,34.8,33.5,34.0,-0.48,28.0
2025-10-22,7803,32380.0,1104049.0,33.79,34.65,33.95,34.2,0.31,24.0
2025-10-23,7803,16310.0,553699.0,34.1,34.2,33.55,34.05,-0.15,20.0
2025-10-27,7803,48088.0,1603166.0,33.95,34.1,31.5,32.5,-0.61,43.0
2025-10-28,7803,36435.0,1188052.0,33.34,33.0,31.55,31.9,-0.73,27.0
2025-10-29,7803,24850.0,796932.0,32.61,32.85,31.65,32.45,-0.54,27.0
2025-10-30,7803,49461.0,1574316.0,32.07,32.4,31.6,32.15,-0.24,47.0
2025-10-31,7803,10214.0,329571.0,31.83,32.95,31.5,32.35,0.44,12.0
2025-11-03,7803,55730.0,1750460.0,32.27,32.4,31.0,31.5,-0.86,46.0
2025-11-04,7803,108184.0,3259016.0,31.41,31.2,29.9,30.15,-1.29,90.0
2025-11-05,7803,12160.0,369588.0,30.12,30.55,30.1,30.55,0.27,12.0
2025-11-06,7803,29663.0,905615.0,30.39,30.75,30.1,30.75,0.14,31.0
2025-11-07,7803,51313.0,1591862.0,30.53,32.0,30.65,31.5,0.49,47.0
2025-11-10,7803,79302.0,2609306.0,31.02,33.9,32.0,33.0,1.88,53.0
2025-11-11,7803,12725.0,415547.0,32.9,33.2,32.35,33.15,-0.24,18.0
2025-11-12,7803,32595.0,1070273.0,32.66,33.15,32.3,33.15,0.18,26.0
2025-11-13,7803,20520.0,668733.0,32.84,33.15,32.35,32.7,-0.25,19.0
2025-11-14,7803,35058.0,1137281.0,32.59,33.0,30.95,32.65,-0.15,27.0
2025-11-17,7803,22210.0,718839.0,32.44,32.65,32.15,32.4,-0.07,14.0
2025-11-18,7803,12490.0,389841.0,32.37,32.35,31.0,31.45,-1.16,13.0
2025-11-19,7803,365.0,11178.0,31.21,31.45,30.0,31.35,-0.59,6.0
2025-11-20,7803,41020.0,1304807.0,30.62,33.15,30.5,33.1,1.19,22.0
2025-11-21,7803,21010.0,653320.0,31.81,32.0,30.5,31.0,-0.71,16.0
2025-11-24,7803,88127.0,2864907.0,31.1,33.8,31.7,33.5,1.41,55.0
2025-11-25,7803,261459.0,9196577.0,32.51,37.0,33.55,36.8,2.66,179.0
2025-11-26,7803,224394.0,8067579.0,35.17,37.0,34.8,37.0,0.78,140.0
2025-11-27,7803,166051.0,6205514.0,35.95,38.85,36.55,37.6,1.42,153.0
2025-11-28,7803,91675.0,3461234.0,37.37,38.5,37.0,38.0,0.39,68.0
2025-12-01,7803,56520.0,2130181.0,37.76,38.15,37.05,37.7,-0.07,58.0
2025-12-02,7803,35831.0,1335682.0,37.69,37.7,36.55,37.3,-0.41,44.0
2025-12-03,7803,91435.0,3276157.0,37.28,37.3,34.8,36.15,-1.45,66.0
2025-12-04,7803,39067.0,1415296.0,35.83,36.8,35.7,36.75,0.4,33.0
2025-12-05,7803,17079.0,620152.0,36.23,36.75,36.0,36.75,0.08,15.0
2025-12-08,7803,46005.0,1675589.0,36.31,37.0,35.55,36.4,0.11,50.0
2025-12-09,7803,47560.0,1711187.0,36.42,36.5,35.85,36.05,-0.44,43.0
2025-12-10,7803,69445.0,2461284.0,35.98,36.1,35.0,36.0,-0.54,52.0
2025-12-11,7803,157821.0,5322960.0,35.44,35.85,32.5,33.65,-1.71,112.0
2025-12-12,7803,99651.0,3285699.0,33.73,33.75,32.5,33.75,-0.76,66.0
2025-12-15,7803,25063.0,830411.0,32.97,33.65,32.9,33.65,0.16,21.0
2025-12-16,7803,16659.0,551480.0,33.13,33.7,32.85,33.25,-0.03,19.0
2025-12-17,7803,35050.0,1166587.0,33.1,33.75,33.0,33.75,0.18,21.0
2025-12-18,7803,34298.0,1137724.0,33.28,33.95,32.5,33.9,-0.11,28.0
2025-12-19,7803,54266.0,1813030.0,33.17,34.0,32.65,33.7,0.24,41.0
2025-12-22,7803,43110.0,1435263.0,33.41,33.6,33.0,33.3,-0.12,24.0
2025-12-23,7803,55151.0,1813048.0,33.29,33.3,32.5,33.1,-0.42,35.0
2025-12-24,7803,23795.0,778846.0,32.87,33.1,32.35,33.1,-0.14,27.0
2025-12-26,7803,36904.0,1199725.0,32.73,33.1,32.35,32.65,-0.22,35.0
2025-12-29,7803,44800.0,1453163.0,32.51,33.1,32.0,33.1,-0.07,43.0
2025-12-30,7803,72296.0,2417223.0,32.44,34.0,32.3,33.6,1.0,50.0
2025-12-31,7803,120654.0,4029933.0,33.44,34.7,32.4,34.0,-0.04,87.0
2026-01-02,7803,312222.0,11212597.0,33.4,37.0,33.35,36.25,2.51,213.0
2026-01-05,7803,204760.0,7338676.0,35.91,36.75,34.9,36.55,-0.07,118.0
2026-01-06,7803,84304.0,3016822.0,35.84,36.6,35.05,36.0,-0.05,54.0
2026-01-07,7803,56653.0,1999035.0,35.79,36.05,35.05,36.05,-0.5,37.0
2026-01-08,7803,56311.0,2001945.0,35.29,36.0,35.05,35.85,0.26,38.0
2026-01-09,7803,33430.0,1188156.0,35.55,35.9,35.1,35.85,-0.01,29.0
2026-01-12,7803,102239.0,3615088.0,35.54,35.95,35.0,35.75,-0.18,80.0
2026-01-13,7803,71747.0,2527117.0,35.36,35.8,34.9,35.4,-0.14,52.0
2026-01-14,7803,170751.0,5835830.0,35.22,35.45,32.05,32.35,-1.04,108.0
2026-01-15,7803,107092.0,3506775.0,34.18,33.5,32.0,33.5,-1.43,75.0
2026-01-16,7803,49832.0,1638974.0,32.75,33.5,32.0,33.15,0.14,38.0
2026-01-19,7803,97763.0,3240816.0,32.89,34.15,32.05,33.25,0.26,58.0
2026-01-20,7803,88049.0,2853768.0,33.15,33.15,32.0,33.0,-0.74,62.0
2026-01-21,7803,80852.0,2636362.0,32.41,33.0,32.0,32.85,0.2,57.0
2026-01-22,7803,26021.0,847142.0,32.61,33.0,32.25,32.95,-0.05,20.0
2026-01-23,7803,115943.0,3795081.0,32.56,33.15,32.0,32.75,0.17,55.0
2026-01-26,7803,51060.0,1668936.0,32.73,33.1,32.0,33.1,-0.04,30.0
2026-01-27,7803,116990.0,3875440.0,32.69,33.45,32.9,33.45,0.44,63.0
2026-01-28,7803,104901.0,3600302.0,33.13,35.5,33.5,35.5,1.19,74.0
2026-01-29,7803,211195.0,7572713.0,34.32,36.25,34.85,36.15,1.54,148.0
2026-01-30,7803,106229.0,3692742.0,35.86,36.15,33.6,35.05,-1.1,63.0
2026-02-02,7803,68141.0,2300994.0,34.76,35.35,33.05,35.1,-0.99,53.0
2026-02-03,7803,32069.0,1094864.0,33.77,35.05,33.4,35.0,0.37,44.0
2026-02-04,7803,12574.0,435580.0,34.14,35.15,33.6,33.6,0.5,13.0
2026-02-05,7803,147117.0,5154840.0,34.64,35.35,33.5,35.0,0.4,91.0
2026-02-06,7803,59820.0,2087726.0,35.04,35.15,34.35,35.15,-0.14,48.0
2026-02-09,7803,120734.0,4220610.0,34.9,35.45,34.2,35.0,0.06,86.0
2026-02-10,7803,55580.0,1912548.0,34.96,35.0,34.05,34.95,-0.55,36.0
2026-02-11,7803,36705.0,1259080.0,34.41,35.0,34.0,34.45,-0.11,39.0
2026-02-23,7803,94212.0,3263738.0,34.3,35.5,33.15,35.0,0.34,70.0
2026-02-24,7803,78293.0,2699582.0,34.64,35.5,34.05,34.95,-0.16,59.0
2026-02-25,7803,87580.0,3037876.0,34.48,35.2,33.75,35.2,0.21,49.0
2026-02-26,7803,96541.0,3336703.0,34.69,35.45,34.0,35.45,-0.13,67.0
2026-03-02,7803,168355.0,5875420.0,34.56,35.75,34.05,34.95,0.34,101.0
2026-03-03,7803,107566.0,3732612.0,34.9,35.15,34.05,35.15,-0.2,66.0
2026-03-04,7803,115617.0,3971360.0,34.7,35.15,34.0,34.8,-0.35,76.0
2026-03-05,7803,147379.0,5020488.0,34.35,35.0,33.75,33.75,-0.28,108.0
2026-03-06,7803,98234.0,3296071.0,34.07,34.05,32.25,34.05,-0.52,74.0
2026-03-09,7803,39611.0,1333000.0,33.55,34.3,32.5,33.95,0.1,38.0
2026-03-10,7803,11482.0,384349.0,33.65,34.0,33.0,33.95,-0.18,30.0
2026-03-11,7803,89820.0,2961420.0,33.47,33.8,32.5,33.5,-0.5,56.0
2026-03-12,7803,171490.0,5540842.0,32.97,33.0,31.8,32.95,-0.66,108.0
2026-03-13,7803,40348.0,1299268.0,32.31,33.0,31.85,32.95,-0.11,37.0
2026-03-16,7803,156056.0,4842640.0,32.2,32.25,30.0,31.1,-1.17,105.0
2026-03-17,7803,90050.0,2782452.0,31.03,31.5,30.05,31.45,-0.13,66.0
2026-03-18,7803,31992.0,994031.0,30.9,31.45,30.5,31.45,0.17,34.0
2026-03-19,7803,48620.0,1504741.0,31.07,31.45,30.3,31.3,-0.12,44.0
2026-03-20,7803,20240.0,625817.0,30.95,31.45,30.35,31.45,-0.03,21.0
2026-03-23,7803,78332.0,2408713.0,30.92,31.45,30.3,31.45,-0.17,68.0
2026-03-24,7803,38968.0,1186289.0,30.75,31.5,30.25,30.5,-0.31,46.0
2026-03-25,7803,11631.0,356170.0,30.44,31.55,30.0,31.5,0.18,12.0
2026-03-26,7803,9453.0,289110.0,30.62,31.5,30.0,31.5,-0.04,18.0
2026-03-27,7803,16530.0,503151.0,30.58,31.5,30.05,31.5,-0.14,20.0
2026-03-30,7803,37010.0,1112149.0,30.44,30.5,29.8,30.45,-0.39,38.0
2026-03-31,7803,16368.0,490288.0,30.05,30.45,29.5,30.45,-0.1,19.0
2026-04-01,7803,20580.0,616357.0,29.95,30.45,29.5,29.55,0.0,19.0
2026-04-02,7803,82448.0,2464688.0,29.95,30.5,29.5,30.1,-0.06,53.0
2026-04-07,7803,100795.0,2986264.0,29.89,30.1,29.05,29.8,-0.26,66.0
2026-04-08,7803,56324.0,1666427.0,29.63,30.2,29.0,30.0,-0.04,47.0
2026-04-09,7803,65570.0,1948394.0,29.59,31.0,29.45,30.0,0.12,48.0
2026-04-10,7803,68881.0,2035874.0,29.71,30.0,29.05,29.3,-0.15,53.0
2026-04-13,7803,55125.0,1609826.0,29.56,30.0,29.0,29.45,-0.36,53.0
2026-04-14,7803,47920.0,1400873.0,29.2,30.0,28.55,29.9,0.03,48.0
2026-04-15,7803,68815.0,2014227.0,29.23,30.0,28.55,28.55,0.04,48.0
2026-04-16,7803,46058.0,1361206.0,29.27,29.95,28.55,29.95,0.28,51.0
2026-04-17,7803,136338.0,4094377.0,29.55,30.5,29.05,30.45,0.48,86.0
2026-04-20,7803,176354.0,5434549.0,30.03,31.5,30.0,30.95,0.79,114.0
2026-04-21,7803,259405.0,8315387.0,30.82,33.25,30.55,33.25,1.24,154.0
2026-04-22,7803,244387.0,8325732.0,32.06,34.65,33.0,34.45,2.01,158.0
2026-04-23,7803,334367.0,11720545.0,34.07,36.8,33.85,34.8,0.98,219.0
2026-04-24,7803,161691.0,5395214.0,35.05,34.95,32.05,33.0,-1.68,113.0
2026-04-27,7803,83461.0,2713508.0,33.37,33.0,32.0,32.45,-0.86,71.0
2026-04-28,7803,155827.0,4803866.0,32.51,31.5,30.35,31.0,-1.68,122.0
2026-04-29,7803,73591.0,2256071.0,30.83,31.45,30.3,31.0,-0.17,60.0
2026-04-30,7803,139641.0,4266765.0,30.66,31.6,30.05,30.45,-0.1,102.0
2026-05-04,7803,60365.0,1825078.0,30.56,30.6,29.55,30.3,-0.33,44.0
2026-05-05,7803,123105.0,3706763.0,30.23,30.75,29.55,30.2,-0.12,77.0
2026-05-06,7803,112676.0,3389966.0,30.11,30.45,29.8,30.15,-0.02,71.0
2026-05-07,7803,229778.0,7029774.0,30.09,31.4,29.9,30.8,0.5,149.0
2026-05-08,7803,243773.0,7551670.0,30.59,31.3,30.25,31.2,0.39,155.0
2026-05-11,7803,518290.0,15657152.0,30.98,32.6,29.5,30.2,-0.77,305.0
2026-05-12,7803,128150.0,3817381.0,30.21,30.2,29.35,29.95,-0.42,99.0
2026-05-13,7803,178348.0,5258210.0,29.79,29.95,29.05,29.45,-0.31,105.0
2026-05-14,7803,128370.0,3784337.0,29.48,29.85,29.2,29.45,0.0,87.0
2026-05-15,7803,150596.0,4356336.0,29.48,29.45,28.55,28.7,-0.55,101.0
2026-05-18,7803,152371.0,4424727.0,28.93,30.6,28.05,30.0,0.11,103.0
2026-05-19,7803,196414.0,5900471.0,29.04,30.5,29.25,30.5,1.0,128.0
2026-05-20,7803,920496.0,21115098.0,22.25,24.3,20.0,22.95,0.0,564.0
2026-05-21,7803,448396.0,10215891.0,22.2,23.45,22.05,22.8,-0.15,286.0
2026-05-22,7803,518300.0,12083460.0,23.0,23.95,22.95,23.9,1.1,256.0
2026-05-25,7803,1106004.0,28665896.0,25.0,27.3,25.0,25.25,1.35,402.0
2026-05-26,7803,425273.0,10519960.0,26.0,26.0,24.1,24.1,-1.15,220.0
2026-05-27,7803,387085.0,9090901.0,24.35,24.5,22.95,23.3,-0.8,264.0
2026-05-28,7803,403764.0,9100285.0,23.3,23.3,22.0,22.4,-0.9,279.0
2026-05-29,7803,168518.0,3778778.0,22.1,22.65,22.1,22.4,0.0,99.0
2026-06-01,7803,177388.0,4029831.0,23.05,23.55,22.4,22.7,0.3,120.0
2026-06-02,7803,262731.0,5970622.0,23.2,23.2,22.2,23.15,0.45,118.0
2026-06-03,7803,188549.0,4237609.0,23.15,23.15,22.1,22.2,-0.95,161.0
2026-06-04,7803,382297.0,8711154.0,22.25,23.8,22.1,23.0,0.8,209.0
2026-06-05,7803,278808.0,6542790.0,23.5,24.0,22.9,23.25,0.25,176.0
2026-06-08,7803,140469.0,3143520.0,21.1,22.85,21.1,22.8,-0.45,79.0
2026-06-09,7803,163141.0,3811066.0,22.8,23.9,22.8,23.35,0.55,99.0
2026-06-10,7803,227732.0,5302467.0,23.35,23.9,22.75,22.75,-0.6,147.0
2026-06-11,7803,188268.0,4261493.0,22.45,23.4,22.4,22.8,0.05,87.0
2026-06-12,7803,135012.0,3063026.0,22.7,22.95,22.6,22.8,0.0,49.0
2026-06-15,7803,198948.0,4603362.0,22.55,23.4,22.55,23.35,0.55,103.0
2026-06-16,7803,133211.0,3078277.0,23.15,23.35,23.0,23.1,-0.25,60.0
2026-06-17,7803,103929.0,2413066.0,23.15,23.4,23.0,23.0,-0.1,70.0
2026-06-18,7803,112784.0,2592086.0,23.0,23.2,22.9,23.0,0.0,71.0
2026-06-22,7803,199448.0,4532573.0,23.0,23.05,22.5,22.75,-0.25,120.0
2026-06-23,7803,148120.0,3344905.0,22.7,22.75,22.5,22.5,-0.25,77.0
2026-06-24,7803,193359.0,4309840.0,22.5,22.5,22.15,22.25,-0.25,101.0
2026-06-25,7803,171306.0,3750000.0,22.3,22.4,21.6,21.8,-0.45,107.0
2026-06-26,7803,130632.0,2855920.0,21.8,22.25,21.6,21.7,-0.1,71.0
2026-06-29,7803,246533.0,5504394.0,21.7,23.45,21.35,23.3,1.6,114.0
2026-06-30,7803,213507.0,4985971.0,23.0,23.8,22.9,23.75,0.45,119.0
2026-07-01,7803,288550.0,6898005.0,23.75,24.45,23.6,23.7,-0.05,151.0
2026-07-02,7803,364115.0,8683439.0,23.5,24.25,23.5,23.95,0.25,219.0
2026-07-03,7803,306409.0,7229274.0,23.8,24.1,23.0,23.8,-0.15,184.0
2026-07-06,7803,166730.0,3910951.0,23.85,24.0,23.1,23.35,-0.45,127.0
2026-07-07,7803,110500.0,2555624.0,23.15,23.4,22.9,22.9,-0.45,78.0
2026-07-08,7803,111228.0,2561653.0,22.9,23.25,22.75,23.2,0.3,74.0
2026-07-09,7803,122790.0,2796758.0,23.25,23.25,22.65,22.7,-0.5,84.0
2026-07-13,7803,192652.0,4301436.0,22.55,22.55,22.15,22.15,-0.55,117.0
2026-07-14,7803,164029.0,3664192.0,22.75,22.75,22.1,22.5,0.35,91.0
2026-07-15,7803,101060.0,2308504.0,22.7,23.2,22.3,22.95,0.45,70.0
2026-07-16,7803,67337.0,1536591.0,23.0,23.05,22.55,22.6,-0.35,61.0
2026-07-17,7803,392163.0,8484220.0,22.3,22.35,20.85,21.15,-1.45,193.0
2026-07-20,7803,98016.0,2058536.0,21.15,21.25,20.5,21.25,0.1,71.0
2026-07-21,7803,71015.0,1516074.0,21.25,21.55,21.05,21.5,0.25,48.0
2026-07-22,7803,66338.0,1405164.0,21.1,21.45,21.0,21.1,-0.4,49.0
2026-07-23,7803,84045.0,1741399.0,21.5,21.5,20.5,20.95,-0.15,47.0
2026-07-24,7803,79415.0,1652682.0,20.5,21.2,20.5,21.15,0.2,54.0
2026-07-27,7803,32000.0,666450.0,21.15,21.6,20.5,20.85,-0.3,29.0
2026-07-28,7803,134262.0,2707897.0,20.35,20.4,20.0,20.0,-0.85,104.0
2026-07-29,7803,201971.0,3990455.0,20.0,20.15,19.1,19.7,-0.3,136.0
2026-07-30,7803,85120.0,1640975.0,19.1,19.7,19.0,19.05,-0.65,60.0
2026-07-31,7803,34160.0,673118.0,19.9,19.9,19.25,19.8,0.75,31.0
2026-08-03,7803,55470.0,1081148.0,19.3,19.75,19.3,19.5,-0.3,46.0
2026-08-04,7803,71100.0,1412720.0,19.55,20.2,19.55,19.75,0.25,47.0
2026-08-05,7803,52637.0,1047401.0,21.6,21.6,19.75,19.75,0.0,40.0
2026-08-06,7803,66050.0,1312107.0,19.4,20.7,19.2,20.7,0.95,38.0
2026-08-07,7803,37100.0,753350.0,22.65,22.65,19.5,19.8,-0.9,30.0
2026-08-10,7803,45607.0,890249.0,19.15,19.7,19.15,19.7,-0.1,31.0
2026-08-11,7803,12202.0,240861.0,19.7,19.9,19.5,19.75,0.05,13.0
2026-08-12,7803,22538.0,445058.0,19.6,20.0,19.6,19.6,-0.15,23.0
2026-08-13,7803,13841.0,269998.0,19.6,19.65,19.3,19.65,0.05,23.0
2026-08-14,7803,22140.0,431238.0,19.25,19.7,19.25,19.7,0.05,25.0
2026-08-17,7803,60070.0,1163217.0,19.5,20.05,19.1,19.95,0.25,51.0
2026-08-18,7803,32290.0,621822.0,19.85,19.85,19.1,19.1,-0.85,28.0
2026-08-19,7803,21330.0,409442.0,19.25,19.45,19.1,19.15,0.05,21.0
2026-08-20,7803,51055.0,951601.0,19.0,19.15,18.1,19.15,0.0,44.0
2026-08-21,7803,35708.0,684092.0,19.2,19.6,19.05,19.6,0.45,31.0
2026-08-24,7803,28000.0,543800.0,19.45,19.9,19.35,19.6,0.0,19.0
2026-08-25,7803,17564.0,342063.0,19.55,19.8,19.05,19.75,0.15,20.0
2026-08-26,7803,54399.0,1048451.0,19.35,19.65,19.0,19.6,-0.15,51.0
2026-08-27,7803,18606.0,359267.0,19.1,19.55,19.1,19.15,-0.45,29.0
2026-08-28,7803,36265.0,697029.0,19.25,19.4,19.2,19.2,0.05,24.0
2026-08-31,7803,26010.0,496692.0,18.7,19.2,18.7,19.1,-0.1,19.0
2026-09-01,7803,45362.0,871012.0,19.1,19.9,19.0,19.3,0.2,33.0
2026-09-02,7803,14631.0,281870.0,19.3,19.4,19.1,19.4,0.1,17.0
2026-09-03,7803,12120.0,231739.0,19.1,19.4,18.95,19.1,-0.3,15.0
2026-09-04,7803,13000.0,254250.0,19.8,19.8,19.4,19.5,0.4,11.0
