date,stock_id,buy,name,sell
2025-01-02,5222,0,Dealer_Hedging,0
2025-01-02,5222,0,Dealer_self,17000
2025-01-02,5222,0,Foreign_Dealer_Self,0
2025-01-02,5222,35004,Foreign_Investor,26184
2025-01-02,5222,0,Investment_Trust,0
2025-01-03,5222,0,Dealer_Hedging,0
2025-01-03,5222,0,Dealer_self,5
2025-01-03,5222,0,Foreign_Dealer_Self,0
2025-01-03,5222,26005,Foreign_Investor,28000
2025-01-03,5222,0,Investment_Trust,0
2025-01-06,5222,0,Dealer_Hedging,0
2025-01-06,5222,15000,Dealer_self,0
2025-01-06,5222,0,Foreign_Dealer_Self,0
2025-01-06,5222,70000,Foreign_Investor,43000
2025-01-06,5222,0,Investment_Trust,0
2025-01-07,5222,0,Dealer_Hedging,0
2025-01-07,5222,0,Dealer_self,1002
2025-01-07,5222,0,Foreign_Dealer_Self,0
2025-01-07,5222,7000,Foreign_Investor,38000
2025-01-07,5222,0,Investment_Trust,0
2025-01-08,5222,85,Dealer_Hedging,0
2025-01-08,5222,67,Dealer_self,1
2025-01-08,5222,0,Foreign_Dealer_Self,0
2025-01-08,5222,230000,Foreign_Investor,16000
2025-01-08,5222,0,Investment_Trust,0
2025-01-09,5222,0,Dealer_Hedging,14
2025-01-09,5222,0,Dealer_self,2002
2025-01-09,5222,0,Foreign_Dealer_Self,0
2025-01-09,5222,12000,Foreign_Investor,123001
2025-01-09,5222,0,Investment_Trust,0
2025-01-10,5222,0,Dealer_Hedging,15
2025-01-10,5222,0,Dealer_self,1000
2025-01-10,5222,0,Foreign_Dealer_Self,0
2025-01-10,5222,7000,Foreign_Investor,106001
2025-01-10,5222,0,Investment_Trust,0
2025-01-13,5222,0,Dealer_Hedging,1156
2025-01-13,5222,6000,Dealer_self,11726
2025-01-13,5222,0,Foreign_Dealer_Self,0
2025-01-13,5222,56015,Foreign_Investor,90000
2025-01-13,5222,0,Investment_Trust,1000
2025-01-14,5222,0,Dealer_Hedging,0
2025-01-14,5222,1000,Dealer_self,121
2025-01-14,5222,0,Foreign_Dealer_Self,0
2025-01-14,5222,41000,Foreign_Investor,49000
2025-01-14,5222,0,Investment_Trust,1000
2025-01-15,5222,0,Dealer_Hedging,0
2025-01-15,5222,0,Dealer_self,4
2025-01-15,5222,0,Foreign_Dealer_Self,0
2025-01-15,5222,136001,Foreign_Investor,21400
2025-01-15,5222,0,Investment_Trust,0
2025-01-16,5222,2,Dealer_Hedging,0
2025-01-16,5222,5010,Dealer_self,1204
2025-01-16,5222,0,Foreign_Dealer_Self,0
2025-01-16,5222,81000,Foreign_Investor,95001
2025-01-16,5222,0,Investment_Trust,0
2025-01-17,5222,0,Dealer_Hedging,2
2025-01-17,5222,2000,Dealer_self,1636
2025-01-17,5222,0,Foreign_Dealer_Self,0
2025-01-17,5222,2000,Foreign_Investor,39000
2025-01-17,5222,0,Investment_Trust,0
2025-01-20,5222,0,Dealer_Hedging,0
2025-01-20,5222,2000,Dealer_self,1803
2025-01-20,5222,0,Foreign_Dealer_Self,0
2025-01-20,5222,38005,Foreign_Investor,49000
2025-01-20,5222,0,Investment_Trust,0
2025-01-21,5222,0,Dealer_Hedging,0
2025-01-21,5222,1000,Dealer_self,0
2025-01-21,5222,0,Foreign_Dealer_Self,0
2025-01-21,5222,29000,Foreign_Investor,20000
2025-01-21,5222,0,Investment_Trust,0
2025-01-22,5222,0,Dealer_Hedging,0
2025-01-22,5222,1000,Dealer_self,0
2025-01-22,5222,0,Foreign_Dealer_Self,0
2025-01-22,5222,27000,Foreign_Investor,49000
2025-01-22,5222,0,Investment_Trust,0
2025-02-03,5222,1005,Dealer_Hedging,1000
2025-02-03,5222,1004,Dealer_self,7185
2025-02-03,5222,0,Foreign_Dealer_Self,0
2025-02-03,5222,81000,Foreign_Investor,29035
2025-02-03,5222,0,Investment_Trust,1000
2025-02-04,5222,0,Dealer_Hedging,0
2025-02-04,5222,0,Dealer_self,1000
2025-02-04,5222,0,Foreign_Dealer_Self,0
2025-02-04,5222,31000,Foreign_Investor,12450
2025-02-04,5222,0,Investment_Trust,1000
2025-02-05,5222,0,Dealer_Hedging,0
2025-02-05,5222,3000,Dealer_self,0
2025-02-05,5222,0,Foreign_Dealer_Self,0
2025-02-05,5222,118000,Foreign_Investor,12000
2025-02-05,5222,0,Investment_Trust,2000
2025-02-06,5222,0,Dealer_Hedging,0
2025-02-06,5222,0,Dealer_self,0
2025-02-06,5222,0,Foreign_Dealer_Self,0
2025-02-06,5222,86200,Foreign_Investor,30000
2025-02-06,5222,0,Investment_Trust,2000
2025-02-07,5222,20,Dealer_Hedging,5
2025-02-07,5222,0,Dealer_self,0
2025-02-07,5222,0,Foreign_Dealer_Self,0
2025-02-07,5222,34000,Foreign_Investor,23000
2025-02-07,5222,0,Investment_Trust,1000
2025-02-10,5222,0,Dealer_Hedging,2
2025-02-10,5222,0,Dealer_self,2001
2025-02-10,5222,0,Foreign_Dealer_Self,0
2025-02-10,5222,16000,Foreign_Investor,22000
2025-02-10,5222,0,Investment_Trust,1000
2025-02-11,5222,0,Dealer_Hedging,18
2025-02-11,5222,1000,Dealer_self,4333
2025-02-11,5222,0,Foreign_Dealer_Self,0
2025-02-11,5222,30700,Foreign_Investor,8000
2025-02-11,5222,0,Investment_Trust,1000
2025-02-12,5222,34,Dealer_Hedging,0
2025-02-12,5222,1000,Dealer_self,213
2025-02-12,5222,0,Foreign_Dealer_Self,0
2025-02-12,5222,42000,Foreign_Investor,23000
2025-02-12,5222,0,Investment_Trust,0
2025-02-13,5222,0,Dealer_Hedging,0
2025-02-13,5222,3000,Dealer_self,0
2025-02-13,5222,0,Foreign_Dealer_Self,0
2025-02-13,5222,64000,Foreign_Investor,10000
2025-02-13,5222,0,Investment_Trust,1000
2025-02-14,5222,500,Dealer_Hedging,0
2025-02-14,5222,1000,Dealer_self,0
2025-02-14,5222,0,Foreign_Dealer_Self,0
2025-02-14,5222,64000,Foreign_Investor,24000
2025-02-14,5222,0,Investment_Trust,2000
2025-02-17,5222,1000,Dealer_Hedging,2200
2025-02-17,5222,2000,Dealer_self,1715
2025-02-17,5222,0,Foreign_Dealer_Self,0
2025-02-17,5222,32001,Foreign_Investor,70000
2025-02-17,5222,0,Investment_Trust,0
2025-02-18,5222,0,Dealer_Hedging,534
2025-02-18,5222,1000,Dealer_self,2840
2025-02-18,5222,0,Foreign_Dealer_Self,0
2025-02-18,5222,45600,Foreign_Investor,88000
2025-02-18,5222,0,Investment_Trust,2000
2025-02-19,5222,2000,Dealer_Hedging,0
2025-02-19,5222,2000,Dealer_self,1534
2025-02-19,5222,0,Foreign_Dealer_Self,0
2025-02-19,5222,116000,Foreign_Investor,109101
2025-02-19,5222,0,Investment_Trust,0
2025-02-20,5222,0,Dealer_Hedging,0
2025-02-20,5222,1000,Dealer_self,1
2025-02-20,5222,0,Foreign_Dealer_Self,0
2025-02-20,5222,105000,Foreign_Investor,28000
2025-02-20,5222,0,Investment_Trust,1000
2025-02-21,5222,0,Dealer_Hedging,0
2025-02-21,5222,4000,Dealer_self,2012
2025-02-21,5222,0,Foreign_Dealer_Self,0
2025-02-21,5222,48700,Foreign_Investor,88899
2025-02-21,5222,0,Investment_Trust,2000
2025-02-24,5222,1000,Dealer_Hedging,1000
2025-02-24,5222,1000,Dealer_self,873
2025-02-24,5222,0,Foreign_Dealer_Self,0
2025-02-24,5222,117000,Foreign_Investor,91000
2025-02-24,5222,0,Investment_Trust,0
2025-02-25,5222,0,Dealer_Hedging,1000
2025-02-25,5222,1000,Dealer_self,4006
2025-02-25,5222,0,Foreign_Dealer_Self,0
2025-02-25,5222,39000,Foreign_Investor,81000
2025-02-25,5222,0,Investment_Trust,1000
2025-02-26,5222,0,Dealer_Hedging,0
2025-02-26,5222,1000,Dealer_self,2659
2025-02-26,5222,0,Foreign_Dealer_Self,0
2025-02-26,5222,19000,Foreign_Investor,16000
2025-02-26,5222,0,Investment_Trust,0
2025-02-27,5222,0,Dealer_Hedging,310
2025-02-27,5222,8000,Dealer_self,1125
2025-02-27,5222,0,Foreign_Dealer_Self,0
2025-02-27,5222,59000,Foreign_Investor,35000
2025-02-27,5222,0,Investment_Trust,0
2025-03-03,5222,0,Dealer_Hedging,3000
2025-03-03,5222,7000,Dealer_self,5665
2025-03-03,5222,0,Foreign_Dealer_Self,0
2025-03-03,5222,31001,Foreign_Investor,32000
2025-03-03,5222,0,Investment_Trust,0
2025-03-04,5222,0,Dealer_Hedging,0
2025-03-04,5222,3129,Dealer_self,1504
2025-03-04,5222,0,Foreign_Dealer_Self,0
2025-03-04,5222,51000,Foreign_Investor,19000
2025-03-04,5222,0,Investment_Trust,0
2025-03-05,5222,0,Dealer_Hedging,1000
2025-03-05,5222,2000,Dealer_self,1423
2025-03-05,5222,0,Foreign_Dealer_Self,0
2025-03-05,5222,31000,Foreign_Investor,8000
2025-03-05,5222,0,Investment_Trust,2000
2025-03-06,5222,1000,Dealer_Hedging,0
2025-03-06,5222,1000,Dealer_self,0
2025-03-06,5222,0,Foreign_Dealer_Self,0
2025-03-06,5222,23000,Foreign_Investor,40000
2025-03-06,5222,0,Investment_Trust,0
2025-03-07,5222,0,Dealer_Hedging,0
2025-03-07,5222,2000,Dealer_self,8774
2025-03-07,5222,0,Foreign_Dealer_Self,0
2025-03-07,5222,9000,Foreign_Investor,35000
2025-03-07,5222,0,Investment_Trust,0
2025-03-10,5222,1000,Dealer_Hedging,0
2025-03-10,5222,26000,Dealer_self,12093
2025-03-10,5222,0,Foreign_Dealer_Self,0
2025-03-10,5222,463000,Foreign_Investor,153000
2025-03-10,5222,0,Investment_Trust,1000
2025-03-11,5222,8428,Dealer_Hedging,1000
2025-03-11,5222,17000,Dealer_self,10197
2025-03-11,5222,0,Foreign_Dealer_Self,0
2025-03-11,5222,132600,Foreign_Investor,209000
2025-03-11,5222,0,Investment_Trust,0
2025-03-12,5222,0,Dealer_Hedging,5001
2025-03-12,5222,1000,Dealer_self,13001
2025-03-12,5222,0,Foreign_Dealer_Self,0
2025-03-12,5222,66000,Foreign_Investor,109600
2025-03-12,5222,0,Investment_Trust,0
2025-03-13,5222,1000,Dealer_Hedging,1427
2025-03-13,5222,11000,Dealer_self,966
2025-03-13,5222,0,Foreign_Dealer_Self,0
2025-03-13,5222,90000,Foreign_Investor,56000
2025-03-13,5222,0,Investment_Trust,0
2025-03-14,5222,1000,Dealer_Hedging,0
2025-03-14,5222,1000,Dealer_self,22
2025-03-14,5222,0,Foreign_Dealer_Self,0
2025-03-14,5222,21000,Foreign_Investor,123002
2025-03-14,5222,0,Investment_Trust,0
2025-03-17,5222,5000,Dealer_Hedging,0
2025-03-17,5222,12000,Dealer_self,39
2025-03-17,5222,0,Foreign_Dealer_Self,0
2025-03-17,5222,128970,Foreign_Investor,59000
2025-03-17,5222,0,Investment_Trust,0
2025-03-18,5222,4000,Dealer_Hedging,3000
2025-03-18,5222,10000,Dealer_self,4738
2025-03-18,5222,0,Foreign_Dealer_Self,0
2025-03-18,5222,81000,Foreign_Investor,113000
2025-03-18,5222,9000,Investment_Trust,0
2025-03-19,5222,7001,Dealer_Hedging,6000
2025-03-19,5222,63009,Dealer_self,4129
2025-03-19,5222,0,Foreign_Dealer_Self,0
2025-03-19,5222,266000,Foreign_Investor,357000
2025-03-19,5222,0,Investment_Trust,0
2025-03-20,5222,1000,Dealer_Hedging,3001
2025-03-20,5222,6000,Dealer_self,2737
2025-03-20,5222,0,Foreign_Dealer_Self,0
2025-03-20,5222,162100,Foreign_Investor,143100
2025-03-20,5222,0,Investment_Trust,0
2025-03-21,5222,3000,Dealer_Hedging,2000
2025-03-21,5222,47000,Dealer_self,3539
2025-03-21,5222,0,Foreign_Dealer_Self,0
2025-03-21,5222,228000,Foreign_Investor,209000
2025-03-21,5222,0,Investment_Trust,0
2025-03-24,5222,7239,Dealer_Hedging,3000
2025-03-24,5222,30378,Dealer_self,37014
2025-03-24,5222,0,Foreign_Dealer_Self,0
2025-03-24,5222,607000,Foreign_Investor,560000
2025-03-24,5222,0,Investment_Trust,0
2025-03-25,5222,2644,Dealer_Hedging,4239
2025-03-25,5222,0,Dealer_self,32001
2025-03-25,5222,0,Foreign_Dealer_Self,0
2025-03-25,5222,388000,Foreign_Investor,257000
2025-03-25,5222,0,Investment_Trust,0
2025-03-26,5222,1005,Dealer_Hedging,4230
2025-03-26,5222,8000,Dealer_self,0
2025-03-26,5222,0,Foreign_Dealer_Self,0
2025-03-26,5222,176000,Foreign_Investor,168000
2025-03-26,5222,0,Investment_Trust,0
2025-03-27,5222,1000,Dealer_Hedging,3419
2025-03-27,5222,7000,Dealer_self,42617
2025-03-27,5222,0,Foreign_Dealer_Self,0
2025-03-27,5222,260000,Foreign_Investor,218000
2025-03-27,5222,0,Investment_Trust,4000
2025-03-28,5222,0,Dealer_Hedging,1000
2025-03-28,5222,7000,Dealer_self,9000
2025-03-28,5222,0,Foreign_Dealer_Self,0
2025-03-28,5222,242300,Foreign_Investor,209000
2025-03-28,5222,0,Investment_Trust,2000
2025-03-31,5222,0,Dealer_Hedging,1000
2025-03-31,5222,11000,Dealer_self,15517
2025-03-31,5222,0,Foreign_Dealer_Self,0
2025-03-31,5222,250000,Foreign_Investor,449000
2025-03-31,5222,0,Investment_Trust,0
2025-04-01,5222,3613,Dealer_Hedging,0
2025-04-01,5222,44000,Dealer_self,39173
2025-04-01,5222,0,Foreign_Dealer_Self,0
2025-04-01,5222,215050,Foreign_Investor,215000
2025-04-01,5222,0,Investment_Trust,0
2025-04-02,5222,1221,Dealer_Hedging,1613
2025-04-02,5222,3000,Dealer_self,2943
2025-04-02,5222,0,Foreign_Dealer_Self,0
2025-04-02,5222,138000,Foreign_Investor,158000
2025-04-02,5222,0,Investment_Trust,0
2025-04-07,5222,0,Dealer_Hedging,221
2025-04-07,5222,0,Dealer_self,0
2025-04-07,5222,0,Foreign_Dealer_Self,0
2025-04-07,5222,0,Foreign_Investor,6000
2025-04-07,5222,0,Investment_Trust,0
2025-04-08,5222,0,Dealer_Hedging,2000
2025-04-08,5222,23000,Dealer_self,103281
2025-04-08,5222,0,Foreign_Dealer_Self,0
2025-04-08,5222,302020,Foreign_Investor,409000
2025-04-08,5222,0,Investment_Trust,0
2025-04-09,5222,1000,Dealer_Hedging,3000
2025-04-09,5222,17000,Dealer_self,25002
2025-04-09,5222,0,Foreign_Dealer_Self,0
2025-04-09,5222,378000,Foreign_Investor,357000
2025-04-09,5222,0,Investment_Trust,0
2025-04-10,5222,0,Dealer_Hedging,0
2025-04-10,5222,0,Dealer_self,0
2025-04-10,5222,0,Foreign_Dealer_Self,0
2025-04-10,5222,10000,Foreign_Investor,1100
2025-04-10,5222,0,Investment_Trust,1000
2025-04-11,5222,1437,Dealer_Hedging,0
2025-04-11,5222,6000,Dealer_self,3167
2025-04-11,5222,0,Foreign_Dealer_Self,0
2025-04-11,5222,148000,Foreign_Investor,141272
2025-04-11,5222,0,Investment_Trust,0
2025-04-14,5222,5704,Dealer_Hedging,1437
2025-04-14,5222,6000,Dealer_self,8675
2025-04-14,5222,0,Foreign_Dealer_Self,0
2025-04-14,5222,112082,Foreign_Investor,155020
2025-04-14,5222,0,Investment_Trust,1000
2025-04-15,5222,1246,Dealer_Hedging,1035
2025-04-15,5222,0,Dealer_self,288
2025-04-15,5222,0,Foreign_Dealer_Self,0
2025-04-15,5222,84157,Foreign_Investor,35082
2025-04-15,5222,0,Investment_Trust,0
2025-04-16,5222,4008,Dealer_Hedging,211
2025-04-16,5222,153,Dealer_self,2376
2025-04-16,5222,0,Foreign_Dealer_Self,0
2025-04-16,5222,52328,Foreign_Investor,181167
2025-04-16,5222,0,Investment_Trust,0
2025-04-17,5222,3000,Dealer_Hedging,4900
2025-04-17,5222,0,Dealer_self,323
2025-04-17,5222,0,Foreign_Dealer_Self,0
2025-04-17,5222,33120,Foreign_Investor,69328
2025-04-17,5222,0,Investment_Trust,1000
2025-04-18,5222,0,Dealer_Hedging,1236
2025-04-18,5222,0,Dealer_self,2327
2025-04-18,5222,0,Foreign_Dealer_Self,0
2025-04-18,5222,21000,Foreign_Investor,27216
2025-04-18,5222,0,Investment_Trust,0
2025-04-21,5222,0,Dealer_Hedging,3389
2025-04-21,5222,0,Dealer_self,1031
2025-04-21,5222,0,Foreign_Dealer_Self,0
2025-04-21,5222,12317,Foreign_Investor,56000
2025-04-21,5222,0,Investment_Trust,0
2025-04-22,5222,0,Dealer_Hedging,103
2025-04-22,5222,1000,Dealer_self,1587
2025-04-22,5222,0,Foreign_Dealer_Self,0
2025-04-22,5222,43000,Foreign_Investor,62267
2025-04-22,5222,0,Investment_Trust,0
2025-04-23,5222,100,Dealer_Hedging,0
2025-04-23,5222,1000,Dealer_self,2962
2025-04-23,5222,0,Foreign_Dealer_Self,0
2025-04-23,5222,107843,Foreign_Investor,40000
2025-04-23,5222,0,Investment_Trust,0
2025-04-24,5222,0,Dealer_Hedging,4
2025-04-24,5222,0,Dealer_self,18000
2025-04-24,5222,0,Foreign_Dealer_Self,0
2025-04-24,5222,41000,Foreign_Investor,35801
2025-04-24,5222,0,Investment_Trust,0
2025-04-25,5222,0,Dealer_Hedging,0
2025-04-25,5222,0,Dealer_self,1375
2025-04-25,5222,0,Foreign_Dealer_Self,0
2025-04-25,5222,122120,Foreign_Investor,40042
2025-04-25,5222,0,Investment_Trust,1000
2025-04-28,5222,1000,Dealer_Hedging,100
2025-04-28,5222,0,Dealer_self,1
2025-04-28,5222,0,Foreign_Dealer_Self,0
2025-04-28,5222,88319,Foreign_Investor,31196
2025-04-28,5222,0,Investment_Trust,0
2025-04-29,5222,0,Dealer_Hedging,80
2025-04-29,5222,0,Dealer_self,2
2025-04-29,5222,0,Foreign_Dealer_Self,0
2025-04-29,5222,27000,Foreign_Investor,28319
2025-04-29,5222,0,Investment_Trust,0
2025-04-30,5222,110,Dealer_Hedging,0
2025-04-30,5222,2000,Dealer_self,3688
2025-04-30,5222,0,Foreign_Dealer_Self,0
2025-04-30,5222,20000,Foreign_Investor,53002
2025-04-30,5222,0,Investment_Trust,0
2025-05-02,5222,2001,Dealer_Hedging,1
2025-05-02,5222,0,Dealer_self,0
2025-05-02,5222,0,Foreign_Dealer_Self,0
2025-05-02,5222,166517,Foreign_Investor,20000
2025-05-02,5222,0,Investment_Trust,1000
2025-05-05,5222,37,Dealer_Hedging,3110
2025-05-05,5222,0,Dealer_self,156
2025-05-05,5222,0,Foreign_Dealer_Self,0
2025-05-05,5222,50000,Foreign_Investor,87535
2025-05-05,5222,0,Investment_Trust,0
2025-05-06,5222,1200,Dealer_Hedging,7037
2025-05-06,5222,3000,Dealer_self,3266
2025-05-06,5222,0,Foreign_Dealer_Self,0
2025-05-06,5222,109428,Foreign_Investor,88023
2025-05-06,5222,0,Investment_Trust,0
2025-05-07,5222,520,Dealer_Hedging,200
2025-05-07,5222,7000,Dealer_self,7638
2025-05-07,5222,0,Foreign_Dealer_Self,0
2025-05-07,5222,262000,Foreign_Investor,183647
2025-05-07,5222,0,Investment_Trust,1000
2025-05-08,5222,0,Dealer_Hedging,520
2025-05-08,5222,21009,Dealer_self,202
2025-05-08,5222,0,Foreign_Dealer_Self,0
2025-05-08,5222,160000,Foreign_Investor,14000
2025-05-08,5222,0,Investment_Trust,4000
2025-05-09,5222,0,Dealer_Hedging,0
2025-05-09,5222,8000,Dealer_self,654
2025-05-09,5222,0,Foreign_Dealer_Self,0
2025-05-09,5222,125000,Foreign_Investor,182860
2025-05-09,5222,0,Investment_Trust,4000
2025-05-12,5222,2000,Dealer_Hedging,0
2025-05-12,5222,1000,Dealer_self,1000
2025-05-12,5222,0,Foreign_Dealer_Self,0
2025-05-12,5222,236094,Foreign_Investor,11000
2025-05-12,5222,0,Investment_Trust,0
2025-05-13,5222,6297,Dealer_Hedging,1000
2025-05-13,5222,2000,Dealer_self,1002
2025-05-13,5222,0,Foreign_Dealer_Self,0
2025-05-13,5222,99000,Foreign_Investor,48064
2025-05-13,5222,0,Investment_Trust,1000
2025-05-14,5222,6000,Dealer_Hedging,297
2025-05-14,5222,3000,Dealer_self,8
2025-05-14,5222,0,Foreign_Dealer_Self,0
2025-05-14,5222,94200,Foreign_Investor,47000
2025-05-14,5222,0,Investment_Trust,0
2025-05-15,5222,1000,Dealer_Hedging,0
2025-05-15,5222,0,Dealer_self,301
2025-05-15,5222,0,Foreign_Dealer_Self,0
2025-05-15,5222,61290,Foreign_Investor,78108
2025-05-15,5222,0,Investment_Trust,1000
2025-05-16,5222,0,Dealer_Hedging,0
2025-05-16,5222,0,Dealer_self,0
2025-05-16,5222,0,Foreign_Dealer_Self,0
2025-05-16,5222,52400,Foreign_Investor,58004
2025-05-16,5222,0,Investment_Trust,1000
2025-05-19,5222,4000,Dealer_Hedging,0
2025-05-19,5222,1000,Dealer_self,614
2025-05-19,5222,0,Foreign_Dealer_Self,0
2025-05-19,5222,85847,Foreign_Investor,224290
2025-05-19,5222,0,Investment_Trust,1000
2025-05-20,5222,0,Dealer_Hedging,5000
2025-05-20,5222,4000,Dealer_self,488
2025-05-20,5222,0,Foreign_Dealer_Self,0
2025-05-20,5222,35051,Foreign_Investor,56847
2025-05-20,5222,0,Investment_Trust,0
2025-05-21,5222,2021,Dealer_Hedging,0
2025-05-21,5222,1000,Dealer_self,152
2025-05-21,5222,0,Foreign_Dealer_Self,0
2025-05-21,5222,57851,Foreign_Investor,18441
2025-05-21,5222,0,Investment_Trust,1000
2025-05-22,5222,0,Dealer_Hedging,1000
2025-05-22,5222,0,Dealer_self,0
2025-05-22,5222,0,Foreign_Dealer_Self,0
2025-05-22,5222,13000,Foreign_Investor,42099
2025-05-22,5222,0,Investment_Trust,1000
2025-05-23,5222,0,Dealer_Hedging,2021
2025-05-23,5222,1000,Dealer_self,3508
2025-05-23,5222,0,Foreign_Dealer_Self,0
2025-05-23,5222,11000,Foreign_Investor,33104
2025-05-23,5222,0,Investment_Trust,0
2025-05-26,5222,3000,Dealer_Hedging,0
2025-05-26,5222,1000,Dealer_self,3411
2025-05-26,5222,0,Foreign_Dealer_Self,0
2025-05-26,5222,48101,Foreign_Investor,47005
2025-05-26,5222,0,Investment_Trust,0
2025-05-27,5222,0,Dealer_Hedging,12000
2025-05-27,5222,0,Dealer_self,7000
2025-05-27,5222,0,Foreign_Dealer_Self,0
2025-05-27,5222,32000,Foreign_Investor,48101
2025-05-27,5222,0,Investment_Trust,0
2025-05-28,5222,0,Dealer_Hedging,3000
2025-05-28,5222,1000,Dealer_self,1149
2025-05-28,5222,0,Foreign_Dealer_Self,0
2025-05-28,5222,64538,Foreign_Investor,53860
2025-05-28,5222,0,Investment_Trust,0
2025-05-29,5222,0,Dealer_Hedging,0
2025-05-29,5222,2000,Dealer_self,2000
2025-05-29,5222,0,Foreign_Dealer_Self,0
2025-05-29,5222,46450,Foreign_Investor,22249
2025-05-29,5222,0,Investment_Trust,0
2025-06-02,5222,45,Dealer_Hedging,0
2025-06-02,5222,0,Dealer_self,5005
2025-06-02,5222,0,Foreign_Dealer_Self,0
2025-06-02,5222,102186,Foreign_Investor,53545
2025-06-02,5222,0,Investment_Trust,0
2025-06-03,5222,641,Dealer_Hedging,0
2025-06-03,5222,0,Dealer_self,1000
2025-06-03,5222,0,Foreign_Dealer_Self,0
2025-06-03,5222,39000,Foreign_Investor,43075
2025-06-03,5222,0,Investment_Trust,0
2025-06-04,5222,0,Dealer_Hedging,0
2025-06-04,5222,1000,Dealer_self,1000
2025-06-04,5222,0,Foreign_Dealer_Self,0
2025-06-04,5222,69000,Foreign_Investor,15051
2025-06-04,5222,0,Investment_Trust,0
2025-06-05,5222,143,Dealer_Hedging,50
2025-06-05,5222,0,Dealer_self,2000
2025-06-05,5222,0,Foreign_Dealer_Self,0
2025-06-05,5222,31000,Foreign_Investor,17568
2025-06-05,5222,1000,Investment_Trust,0
2025-06-06,5222,0,Dealer_Hedging,10
2025-06-06,5222,0,Dealer_self,1000
2025-06-06,5222,0,Foreign_Dealer_Self,0
2025-06-06,5222,38150,Foreign_Investor,39493
2025-06-06,5222,0,Investment_Trust,0
2025-06-09,5222,1212,Dealer_Hedging,0
2025-06-09,5222,1000,Dealer_self,0
2025-06-09,5222,0,Foreign_Dealer_Self,0
2025-06-09,5222,172543,Foreign_Investor,30010
2025-06-09,5222,0,Investment_Trust,0
2025-06-10,5222,8000,Dealer_Hedging,0
2025-06-10,5222,2000,Dealer_self,1000
2025-06-10,5222,0,Foreign_Dealer_Self,0
2025-06-10,5222,36296,Foreign_Investor,55000
2025-06-10,5222,0,Investment_Trust,0
2025-06-11,5222,1193,Dealer_Hedging,0
2025-06-11,5222,1000,Dealer_self,1000
2025-06-11,5222,0,Foreign_Dealer_Self,0
2025-06-11,5222,59000,Foreign_Investor,28000
2025-06-11,5222,0,Investment_Trust,0
2025-06-12,5222,0,Dealer_Hedging,0
2025-06-12,5222,0,Dealer_self,0
2025-06-12,5222,0,Foreign_Dealer_Self,0
2025-06-12,5222,74000,Foreign_Investor,10000
2025-06-12,5222,1000,Investment_Trust,0
2025-06-13,5222,14000,Dealer_Hedging,313
2025-06-13,5222,2000,Dealer_self,6163
2025-06-13,5222,0,Foreign_Dealer_Self,0
2025-06-13,5222,41000,Foreign_Investor,197979
2025-06-13,5222,0,Investment_Trust,0
2025-06-16,5222,7000,Dealer_Hedging,861
2025-06-16,5222,1000,Dealer_self,1332
2025-06-16,5222,0,Foreign_Dealer_Self,0
2025-06-16,5222,117000,Foreign_Investor,83000
2025-06-16,5222,1000,Investment_Trust,0
2025-06-17,5222,14857,Dealer_Hedging,2000
2025-06-17,5222,0,Dealer_self,3000
2025-06-17,5222,0,Foreign_Dealer_Self,0
2025-06-17,5222,133000,Foreign_Investor,18000
2025-06-17,5222,0,Investment_Trust,1000
2025-06-18,5222,7000,Dealer_Hedging,18187
2025-06-18,5222,0,Dealer_self,5002
2025-06-18,5222,0,Foreign_Dealer_Self,0
2025-06-18,5222,81000,Foreign_Investor,106000
2025-06-18,5222,0,Investment_Trust,0
2025-06-19,5222,5000,Dealer_Hedging,4000
2025-06-19,5222,0,Dealer_self,2000
2025-06-19,5222,0,Foreign_Dealer_Self,0
2025-06-19,5222,32000,Foreign_Investor,129360
2025-06-19,5222,0,Investment_Trust,0
2025-06-20,5222,6000,Dealer_Hedging,11597
2025-06-20,5222,11000,Dealer_self,9183
2025-06-20,5222,0,Foreign_Dealer_Self,0
2025-06-20,5222,95000,Foreign_Investor,304000
2025-06-20,5222,0,Investment_Trust,0
2025-06-23,5222,5000,Dealer_Hedging,73
2025-06-23,5222,1000,Dealer_self,2010
2025-06-23,5222,0,Foreign_Dealer_Self,0
2025-06-23,5222,82000,Foreign_Investor,245170
2025-06-23,5222,0,Investment_Trust,0
2025-06-24,5222,3199,Dealer_Hedging,2000
2025-06-24,5222,1000,Dealer_self,0
2025-06-24,5222,0,Foreign_Dealer_Self,0
2025-06-24,5222,64000,Foreign_Investor,21000
2025-06-24,5222,0,Investment_Trust,0
2025-06-25,5222,302,Dealer_Hedging,3002
2025-06-25,5222,4000,Dealer_self,398
2025-06-25,5222,0,Foreign_Dealer_Self,0
2025-06-25,5222,60911,Foreign_Investor,53000
2025-06-25,5222,0,Investment_Trust,0
2025-06-26,5222,1089,Dealer_Hedging,70
2025-06-26,5222,0,Dealer_self,3000
2025-06-26,5222,0,Foreign_Dealer_Self,0
2025-06-26,5222,48295,Foreign_Investor,41277
2025-06-26,5222,0,Investment_Trust,0
2025-06-27,5222,3000,Dealer_Hedging,789
2025-06-27,5222,528,Dealer_self,5002
2025-06-27,5222,0,Foreign_Dealer_Self,0
2025-06-27,5222,52989,Foreign_Investor,41000
2025-06-27,5222,0,Investment_Trust,0
2025-06-30,5222,2000,Dealer_Hedging,3729
2025-06-30,5222,1000,Dealer_self,3739
2025-06-30,5222,0,Foreign_Dealer_Self,0
2025-06-30,5222,69480,Foreign_Investor,31430
2025-06-30,5222,0,Investment_Trust,0
2025-07-01,5222,1550,Dealer_Hedging,3000
2025-07-01,5222,1000,Dealer_self,614
2025-07-01,5222,0,Foreign_Dealer_Self,0
2025-07-01,5222,80654,Foreign_Investor,51281
2025-07-01,5222,0,Investment_Trust,0
2025-07-02,5222,4000,Dealer_Hedging,350
2025-07-02,5222,1000,Dealer_self,10986
2025-07-02,5222,0,Foreign_Dealer_Self,0
2025-07-02,5222,42717,Foreign_Investor,28002
2025-07-02,5222,0,Investment_Trust,0
2025-07-03,5222,0,Dealer_Hedging,1200
2025-07-03,5222,1000,Dealer_self,1150
2025-07-03,5222,0,Foreign_Dealer_Self,0
2025-07-03,5222,50569,Foreign_Investor,19336
2025-07-03,5222,0,Investment_Trust,0
2025-07-04,5222,49,Dealer_Hedging,15000
2025-07-04,5222,0,Dealer_self,145
2025-07-04,5222,0,Foreign_Dealer_Self,0
2025-07-04,5222,29194,Foreign_Investor,29099
2025-07-04,5222,0,Investment_Trust,0
2025-07-07,5222,10013,Dealer_Hedging,49
2025-07-07,5222,2117,Dealer_self,575
2025-07-07,5222,0,Foreign_Dealer_Self,0
2025-07-07,5222,188000,Foreign_Investor,48000
2025-07-07,5222,0,Investment_Trust,5000
2025-07-08,5222,4000,Dealer_Hedging,5013
2025-07-08,5222,3000,Dealer_self,3180
2025-07-08,5222,0,Foreign_Dealer_Self,0
2025-07-08,5222,51000,Foreign_Investor,99017
2025-07-08,5222,0,Investment_Trust,0
2025-07-09,5222,2100,Dealer_Hedging,2000
2025-07-09,5222,0,Dealer_self,428
2025-07-09,5222,0,Foreign_Dealer_Self,0
2025-07-09,5222,95000,Foreign_Investor,9001
2025-07-09,5222,0,Investment_Trust,0
2025-07-10,5222,386,Dealer_Hedging,0
2025-07-10,5222,0,Dealer_self,1000
2025-07-10,5222,0,Foreign_Dealer_Self,0
2025-07-10,5222,68000,Foreign_Investor,20000
2025-07-10,5222,0,Investment_Trust,0
2025-07-11,5222,5000,Dealer_Hedging,1000
2025-07-11,5222,0,Dealer_self,0
2025-07-11,5222,0,Foreign_Dealer_Self,0
2025-07-11,5222,177000,Foreign_Investor,16000
2025-07-11,5222,0,Investment_Trust,0
2025-07-14,5222,1000,Dealer_Hedging,2121
2025-07-14,5222,0,Dealer_self,3
2025-07-14,5222,0,Foreign_Dealer_Self,0
2025-07-14,5222,67000,Foreign_Investor,57000
2025-07-14,5222,0,Investment_Trust,0
2025-07-15,5222,1000,Dealer_Hedging,1321
2025-07-15,5222,2000,Dealer_self,1002
2025-07-15,5222,0,Foreign_Dealer_Self,0
2025-07-15,5222,19000,Foreign_Investor,16000
2025-07-15,5222,0,Investment_Trust,0
2025-07-16,5222,0,Dealer_Hedging,0
2025-07-16,5222,1000,Dealer_self,1003
2025-07-16,5222,0,Foreign_Dealer_Self,0
2025-07-16,5222,17000,Foreign_Investor,22000
2025-07-16,5222,47000,Investment_Trust,0
2025-07-17,5222,6320,Dealer_Hedging,44
2025-07-17,5222,2000,Dealer_self,0
2025-07-17,5222,0,Foreign_Dealer_Self,0
2025-07-17,5222,148723,Foreign_Investor,69000
2025-07-17,5222,45000,Investment_Trust,0
2025-07-18,5222,173,Dealer_Hedging,2173
2025-07-18,5222,1000,Dealer_self,1
2025-07-18,5222,0,Foreign_Dealer_Self,0
2025-07-18,5222,20100,Foreign_Investor,135000
2025-07-18,5222,46000,Investment_Trust,0
2025-07-21,5222,488,Dealer_Hedging,1
2025-07-21,5222,0,Dealer_self,0
2025-07-21,5222,0,Foreign_Dealer_Self,0
2025-07-21,5222,14000,Foreign_Investor,48000
2025-07-21,5222,44000,Investment_Trust,0
2025-07-22,5222,74,Dealer_Hedging,17495
2025-07-22,5222,1000,Dealer_self,951
2025-07-22,5222,0,Foreign_Dealer_Self,0
2025-07-22,5222,82000,Foreign_Investor,115000
2025-07-22,5222,42000,Investment_Trust,0
2025-07-23,5222,305,Dealer_Hedging,0
2025-07-23,5222,6225,Dealer_self,0
2025-07-23,5222,0,Foreign_Dealer_Self,0
2025-07-23,5222,62000,Foreign_Investor,51000
2025-07-23,5222,2000,Investment_Trust,0
2025-07-24,5222,1000,Dealer_Hedging,52
2025-07-24,5222,0,Dealer_self,1
2025-07-24,5222,0,Foreign_Dealer_Self,0
2025-07-24,5222,49000,Foreign_Investor,63000
2025-07-24,5222,0,Investment_Trust,0
2025-07-25,5222,1233,Dealer_Hedging,0
2025-07-25,5222,0,Dealer_self,1000
2025-07-25,5222,0,Foreign_Dealer_Self,0
2025-07-25,5222,160000,Foreign_Investor,32000
2025-07-25,5222,0,Investment_Trust,0
2025-07-28,5222,2201,Dealer_Hedging,1535
2025-07-28,5222,0,Dealer_self,4
2025-07-28,5222,0,Foreign_Dealer_Self,0
2025-07-28,5222,163000,Foreign_Investor,381000
2025-07-28,5222,0,Investment_Trust,0
2025-07-29,5222,2000,Dealer_Hedging,2538
2025-07-29,5222,3000,Dealer_self,1963
2025-07-29,5222,0,Foreign_Dealer_Self,0
2025-07-29,5222,167000,Foreign_Investor,98243
2025-07-29,5222,0,Investment_Trust,0
2025-07-30,5222,0,Dealer_Hedging,0
2025-07-30,5222,3000,Dealer_self,3237
2025-07-30,5222,0,Foreign_Dealer_Self,0
2025-07-30,5222,172000,Foreign_Investor,140185
2025-07-30,5222,0,Investment_Trust,0
2025-07-31,5222,0,Dealer_Hedging,0
2025-07-31,5222,4000,Dealer_self,2777
2025-07-31,5222,0,Foreign_Dealer_Self,0
2025-07-31,5222,172000,Foreign_Investor,81000
2025-07-31,5222,1000,Investment_Trust,0
2025-08-01,5222,1300,Dealer_Hedging,0
2025-08-01,5222,3000,Dealer_self,3136
2025-08-01,5222,0,Foreign_Dealer_Self,0
2025-08-01,5222,196000,Foreign_Investor,83020
2025-08-01,5222,0,Investment_Trust,0
2025-08-04,5222,14149,Dealer_Hedging,7300
2025-08-04,5222,13676,Dealer_self,3589
2025-08-04,5222,0,Foreign_Dealer_Self,0
2025-08-04,5222,583000,Foreign_Investor,553010
2025-08-04,5222,50000,Investment_Trust,0
2025-08-05,5222,28595,Dealer_Hedging,5149
2025-08-05,5222,2000,Dealer_self,12749
2025-08-05,5222,0,Foreign_Dealer_Self,0
2025-08-05,5222,828000,Foreign_Investor,613037
2025-08-05,5222,50000,Investment_Trust,0
2025-08-06,5222,9000,Dealer_Hedging,15360
2025-08-06,5222,3000,Dealer_self,3292
2025-08-06,5222,0,Foreign_Dealer_Self,0
2025-08-06,5222,209000,Foreign_Investor,165559
2025-08-06,5222,52000,Investment_Trust,0
2025-08-07,5222,12060,Dealer_Hedging,10235
2025-08-07,5222,4000,Dealer_self,2036
2025-08-07,5222,0,Foreign_Dealer_Self,0
2025-08-07,5222,260000,Foreign_Investor,252814
2025-08-07,5222,50000,Investment_Trust,0
2025-08-08,5222,2457,Dealer_Hedging,5060
2025-08-08,5222,2000,Dealer_self,3002
2025-08-08,5222,0,Foreign_Dealer_Self,0
2025-08-08,5222,216000,Foreign_Investor,253680
2025-08-08,5222,0,Investment_Trust,0
2025-08-11,5222,11801,Dealer_Hedging,16457
2025-08-11,5222,1000,Dealer_self,165
2025-08-11,5222,0,Foreign_Dealer_Self,0
2025-08-11,5222,284000,Foreign_Investor,220570
2025-08-11,5222,0,Investment_Trust,1000
2025-08-12,5222,4000,Dealer_Hedging,10713
2025-08-12,5222,25000,Dealer_self,0
2025-08-12,5222,0,Foreign_Dealer_Self,0
2025-08-12,5222,210000,Foreign_Investor,195033
2025-08-12,5222,0,Investment_Trust,0
2025-08-13,5222,1000,Dealer_Hedging,12347
2025-08-13,5222,8000,Dealer_self,828
2025-08-13,5222,0,Foreign_Dealer_Self,0
2025-08-13,5222,350000,Foreign_Investor,113670
2025-08-13,5222,0,Investment_Trust,0
2025-08-14,5222,42279,Dealer_Hedging,517
2025-08-14,5222,3000,Dealer_self,0
2025-08-14,5222,0,Foreign_Dealer_Self,0
2025-08-14,5222,343000,Foreign_Investor,106461
2025-08-14,5222,0,Investment_Trust,0
2025-08-15,5222,62000,Dealer_Hedging,43503
2025-08-15,5222,13000,Dealer_self,10434
2025-08-15,5222,0,Foreign_Dealer_Self,0
2025-08-15,5222,440000,Foreign_Investor,956754
2025-08-15,5222,52000,Investment_Trust,0
2025-08-18,5222,30175,Dealer_Hedging,21000
2025-08-18,5222,18074,Dealer_self,8000
2025-08-18,5222,0,Foreign_Dealer_Self,0
2025-08-18,5222,173000,Foreign_Investor,114111
2025-08-18,5222,0,Investment_Trust,0
2025-08-19,5222,6000,Dealer_Hedging,7175
2025-08-19,5222,15000,Dealer_self,9641
2025-08-19,5222,0,Foreign_Dealer_Self,0
2025-08-19,5222,117400,Foreign_Investor,152452
2025-08-19,5222,0,Investment_Trust,20000
2025-08-20,5222,11058,Dealer_Hedging,8000
2025-08-20,5222,8000,Dealer_self,9296
2025-08-20,5222,0,Foreign_Dealer_Self,0
2025-08-20,5222,106000,Foreign_Investor,111248
2025-08-20,5222,0,Investment_Trust,0
2025-08-21,5222,0,Dealer_Hedging,1058
2025-08-21,5222,15000,Dealer_self,4630
2025-08-21,5222,0,Foreign_Dealer_Self,0
2025-08-21,5222,71000,Foreign_Investor,87844
2025-08-21,5222,1000,Investment_Trust,0
2025-08-22,5222,6000,Dealer_Hedging,0
2025-08-22,5222,10000,Dealer_self,9433
2025-08-22,5222,0,Foreign_Dealer_Self,0
2025-08-22,5222,237000,Foreign_Investor,350352
2025-08-22,5222,0,Investment_Trust,0
2025-08-25,5222,52257,Dealer_Hedging,1000
2025-08-25,5222,167000,Dealer_self,9698
2025-08-25,5222,0,Foreign_Dealer_Self,0
2025-08-25,5222,332000,Foreign_Investor,467461
2025-08-25,5222,0,Investment_Trust,0
2025-08-26,5222,51000,Dealer_Hedging,47257
2025-08-26,5222,52247,Dealer_self,71302
2025-08-26,5222,0,Foreign_Dealer_Self,0
2025-08-26,5222,819100,Foreign_Investor,1308618
2025-08-26,5222,0,Investment_Trust,0
2025-08-27,5222,26748,Dealer_Hedging,37000
2025-08-27,5222,14000,Dealer_self,60000
2025-08-27,5222,0,Foreign_Dealer_Self,0
2025-08-27,5222,530000,Foreign_Investor,757660
2025-08-27,5222,0,Investment_Trust,0
2025-08-28,5222,25012,Dealer_Hedging,22593
2025-08-28,5222,119000,Dealer_self,13100
2025-08-28,5222,0,Foreign_Dealer_Self,0
2025-08-28,5222,387000,Foreign_Investor,328200
2025-08-28,5222,3000,Investment_Trust,1000
2025-08-29,5222,123405,Dealer_Hedging,35576
2025-08-29,5222,166206,Dealer_self,16221
2025-08-29,5222,0,Foreign_Dealer_Self,0
2025-08-29,5222,825000,Foreign_Investor,900228
2025-08-29,5222,0,Investment_Trust,1000
2025-09-01,5222,53422,Dealer_Hedging,100212
2025-09-01,5222,120792,Dealer_self,37301
2025-09-01,5222,0,Foreign_Dealer_Self,0
2025-09-01,5222,1562000,Foreign_Investor,1057100
2025-09-01,5222,0,Investment_Trust,0
2025-09-02,5222,4716,Dealer_Hedging,42529
2025-09-02,5222,43000,Dealer_self,18550
2025-09-02,5222,0,Foreign_Dealer_Self,0
2025-09-02,5222,698300,Foreign_Investor,431000
2025-09-02,5222,24000,Investment_Trust,0
2025-09-03,5222,137546,Dealer_Hedging,8473
2025-09-03,5222,105000,Dealer_self,15000
2025-09-03,5222,0,Foreign_Dealer_Self,0
2025-09-03,5222,728200,Foreign_Investor,929000
2025-09-03,5222,20000,Investment_Trust,0
2025-09-04,5222,32199,Dealer_Hedging,87525
2025-09-04,5222,193000,Dealer_self,80000
2025-09-04,5222,0,Foreign_Dealer_Self,0
2025-09-04,5222,1354000,Foreign_Investor,1569103
2025-09-04,5222,141000,Investment_Trust,0
2025-09-05,5222,3081,Dealer_Hedging,15053
2025-09-05,5222,8000,Dealer_self,32000
2025-09-05,5222,0,Foreign_Dealer_Self,0
2025-09-05,5222,343000,Foreign_Investor,581000
2025-09-05,5222,1000,Investment_Trust,0
2025-09-08,5222,10410,Dealer_Hedging,23745
2025-09-08,5222,64000,Dealer_self,169409
2025-09-08,5222,0,Foreign_Dealer_Self,0
2025-09-08,5222,925014,Foreign_Investor,1021055
2025-09-08,5222,0,Investment_Trust,0
2025-09-09,5222,14362,Dealer_Hedging,21282
2025-09-09,5222,15000,Dealer_self,162342
2025-09-09,5222,0,Foreign_Dealer_Self,0
2025-09-09,5222,565004,Foreign_Investor,442000
2025-09-09,5222,0,Investment_Trust,0
2025-09-10,5222,22160,Dealer_Hedging,14775
2025-09-10,5222,22000,Dealer_self,27322
2025-09-10,5222,0,Foreign_Dealer_Self,0
2025-09-10,5222,117000,Foreign_Investor,547147
2025-09-10,5222,0,Investment_Trust,0
2025-09-11,5222,14868,Dealer_Hedging,23537
2025-09-11,5222,7000,Dealer_self,43432
2025-09-11,5222,0,Foreign_Dealer_Self,0
2025-09-11,5222,610036,Foreign_Investor,189400
2025-09-11,5222,1000,Investment_Trust,0
2025-09-12,5222,28000,Dealer_Hedging,10041
2025-09-12,5222,1000,Dealer_self,216
2025-09-12,5222,0,Foreign_Dealer_Self,0
2025-09-12,5222,118000,Foreign_Investor,181000
2025-09-12,5222,35000,Investment_Trust,1000
2025-09-15,5222,25768,Dealer_Hedging,9739
2025-09-15,5222,10019,Dealer_self,74351
2025-09-15,5222,0,Foreign_Dealer_Self,0
2025-09-15,5222,242000,Foreign_Investor,360562
2025-09-15,5222,219000,Investment_Trust,0
2025-09-16,5222,1076,Dealer_Hedging,14557
2025-09-16,5222,0,Dealer_self,94
2025-09-16,5222,0,Foreign_Dealer_Self,0
2025-09-16,5222,122000,Foreign_Investor,157420
2025-09-16,5222,46000,Investment_Trust,1000
2025-09-17,5222,4000,Dealer_Hedging,3942
2025-09-17,5222,10000,Dealer_self,5001
2025-09-17,5222,0,Foreign_Dealer_Self,0
2025-09-17,5222,116000,Foreign_Investor,262200
2025-09-17,5222,0,Investment_Trust,1000
2025-09-18,5222,25259,Dealer_Hedging,8173
2025-09-18,5222,166127,Dealer_self,100684
2025-09-18,5222,0,Foreign_Dealer_Self,0
2025-09-18,5222,255700,Foreign_Investor,747550
2025-09-18,5222,51000,Investment_Trust,1000
2025-09-19,5222,11000,Dealer_Hedging,14901
2025-09-19,5222,1000,Dealer_self,84000
2025-09-19,5222,0,Foreign_Dealer_Self,0
2025-09-19,5222,380900,Foreign_Investor,285100
2025-09-19,5222,55000,Investment_Trust,0
2025-09-22,5222,66353,Dealer_Hedging,15059
2025-09-22,5222,1000,Dealer_self,0
2025-09-22,5222,0,Foreign_Dealer_Self,0
2025-09-22,5222,372800,Foreign_Investor,452000
2025-09-22,5222,1000,Investment_Trust,0
2025-09-23,5222,642,Dealer_Hedging,38381
2025-09-23,5222,4000,Dealer_self,6070
2025-09-23,5222,0,Foreign_Dealer_Self,0
2025-09-23,5222,145000,Foreign_Investor,373349
2025-09-23,5222,0,Investment_Trust,1000
2025-09-24,5222,13245,Dealer_Hedging,8681
2025-09-24,5222,111000,Dealer_self,32000
2025-09-24,5222,0,Foreign_Dealer_Self,0
2025-09-24,5222,360000,Foreign_Investor,297655
2025-09-24,5222,0,Investment_Trust,1000
2025-09-25,5222,3106,Dealer_Hedging,15302
2025-09-25,5222,3000,Dealer_self,30000
2025-09-25,5222,0,Foreign_Dealer_Self,0
2025-09-25,5222,160004,Foreign_Investor,140613
2025-09-25,5222,1000,Investment_Trust,0
2025-09-26,5222,1000,Dealer_Hedging,7368
2025-09-26,5222,53000,Dealer_self,560
2025-09-26,5222,0,Foreign_Dealer_Self,0
2025-09-26,5222,132000,Foreign_Investor,94000
2025-09-26,5222,0,Investment_Trust,1000
2025-09-30,5222,30612,Dealer_Hedging,6879
2025-09-30,5222,54000,Dealer_self,24000
2025-09-30,5222,0,Foreign_Dealer_Self,0
2025-09-30,5222,256000,Foreign_Investor,272000
2025-09-30,5222,1000,Investment_Trust,0
2025-10-01,5222,7541,Dealer_Hedging,16000
2025-10-01,5222,61000,Dealer_self,0
2025-10-01,5222,0,Foreign_Dealer_Self,0
2025-10-01,5222,208000,Foreign_Investor,112560
2025-10-01,5222,1000,Investment_Trust,0
2025-10-02,5222,1000,Dealer_Hedging,15164
2025-10-02,5222,36000,Dealer_self,196000
2025-10-02,5222,0,Foreign_Dealer_Self,0
2025-10-02,5222,400000,Foreign_Investor,477000
2025-10-02,5222,0,Investment_Trust,1000
2025-10-03,5222,9077,Dealer_Hedging,0
2025-10-03,5222,0,Dealer_self,100000
2025-10-03,5222,0,Foreign_Dealer_Self,0
2025-10-03,5222,251000,Foreign_Investor,224100
2025-10-03,5222,2000,Investment_Trust,0
2025-10-07,5222,36296,Dealer_Hedging,4957
2025-10-07,5222,4000,Dealer_self,1
2025-10-07,5222,0,Foreign_Dealer_Self,0
2025-10-07,5222,415000,Foreign_Investor,474000
2025-10-07,5222,1000,Investment_Trust,0
2025-10-08,5222,4029,Dealer_Hedging,16040
2025-10-08,5222,1000,Dealer_self,6000
2025-10-08,5222,0,Foreign_Dealer_Self,0
2025-10-08,5222,110000,Foreign_Investor,127900
2025-10-08,5222,7000,Investment_Trust,0
2025-10-09,5222,1073,Dealer_Hedging,5000
2025-10-09,5222,503,Dealer_self,80000
2025-10-09,5222,0,Foreign_Dealer_Self,0
2025-10-09,5222,215000,Foreign_Investor,158000
2025-10-09,5222,0,Investment_Trust,0
2025-10-13,5222,127501,Dealer_Hedging,17118
2025-10-13,5222,240913,Dealer_self,9045
2025-10-13,5222,0,Foreign_Dealer_Self,0
2025-10-13,5222,1535830,Foreign_Investor,1457167
2025-10-13,5222,332000,Investment_Trust,0
2025-10-14,5222,12878,Dealer_Hedging,68006
2025-10-14,5222,42000,Dealer_self,66482
2025-10-14,5222,0,Foreign_Dealer_Self,0
2025-10-14,5222,1748402,Foreign_Investor,1385700
2025-10-14,5222,169000,Investment_Trust,2000
2025-10-15,5222,14664,Dealer_Hedging,5319
2025-10-15,5222,27008,Dealer_self,2000
2025-10-15,5222,0,Foreign_Dealer_Self,0
2025-10-15,5222,572000,Foreign_Investor,610310
2025-10-15,5222,1000,Investment_Trust,1000
2025-10-16,5222,80749,Dealer_Hedging,11050
2025-10-16,5222,56000,Dealer_self,2000
2025-10-16,5222,0,Foreign_Dealer_Self,0
2025-10-16,5222,354000,Foreign_Investor,413520
2025-10-16,5222,0,Investment_Trust,1000
2025-10-17,5222,1835,Dealer_Hedging,25637
2025-10-17,5222,0,Dealer_self,90000
2025-10-17,5222,0,Foreign_Dealer_Self,0
2025-10-17,5222,156055,Foreign_Investor,425300
2025-10-17,5222,0,Investment_Trust,7000
2025-10-20,5222,8075,Dealer_Hedging,40089
2025-10-20,5222,0,Dealer_self,45000
2025-10-20,5222,0,Foreign_Dealer_Self,0
2025-10-20,5222,295005,Foreign_Investor,119000
2025-10-20,5222,0,Investment_Trust,39000
2025-10-21,5222,9048,Dealer_Hedging,14642
2025-10-21,5222,1000,Dealer_self,0
2025-10-21,5222,0,Foreign_Dealer_Self,0
2025-10-21,5222,154000,Foreign_Investor,196000
2025-10-21,5222,0,Investment_Trust,52000
2025-10-22,5222,1000,Dealer_Hedging,23901
2025-10-22,5222,2000,Dealer_self,16000
2025-10-22,5222,0,Foreign_Dealer_Self,0
2025-10-22,5222,62000,Foreign_Investor,222000
2025-10-22,5222,0,Investment_Trust,47000
2025-10-23,5222,3226,Dealer_Hedging,6013
2025-10-23,5222,0,Dealer_self,20000
2025-10-23,5222,0,Foreign_Dealer_Self,0
2025-10-23,5222,177000,Foreign_Investor,159407
2025-10-23,5222,0,Investment_Trust,47000
2025-10-27,5222,2957,Dealer_Hedging,2418
2025-10-27,5222,6000,Dealer_self,22993
2025-10-27,5222,0,Foreign_Dealer_Self,0
2025-10-27,5222,168400,Foreign_Investor,152530
2025-10-27,5222,0,Investment_Trust,47700
2025-10-28,5222,3000,Dealer_Hedging,15627
2025-10-28,5222,7000,Dealer_self,5916
2025-10-28,5222,0,Foreign_Dealer_Self,0
2025-10-28,5222,165905,Foreign_Investor,408000
2025-10-28,5222,0,Investment_Trust,0
2025-10-29,5222,13000,Dealer_Hedging,9017
2025-10-29,5222,1000,Dealer_self,72422
2025-10-29,5222,0,Foreign_Dealer_Self,0
2025-10-29,5222,144310,Foreign_Investor,144000
2025-10-29,5222,0,Investment_Trust,0
2025-10-30,5222,5052,Dealer_Hedging,14364
2025-10-30,5222,1000,Dealer_self,0
2025-10-30,5222,0,Foreign_Dealer_Self,0
2025-10-30,5222,155000,Foreign_Investor,136000
2025-10-30,5222,0,Investment_Trust,0
2025-10-31,5222,9000,Dealer_Hedging,6193
2025-10-31,5222,4000,Dealer_self,885
2025-10-31,5222,0,Foreign_Dealer_Self,0
2025-10-31,5222,194000,Foreign_Investor,240000
2025-10-31,5222,0,Investment_Trust,187000
2025-11-03,5222,5000,Dealer_Hedging,16198
2025-11-03,5222,2000,Dealer_self,1662
2025-11-03,5222,0,Foreign_Dealer_Self,0
2025-11-03,5222,134000,Foreign_Investor,293778
2025-11-03,5222,0,Investment_Trust,47000
2025-11-04,5222,17846,Dealer_Hedging,7819
2025-11-04,5222,4000,Dealer_self,4532
2025-11-04,5222,0,Foreign_Dealer_Self,0
2025-11-04,5222,126000,Foreign_Investor,258000
2025-11-04,5222,0,Investment_Trust,0
2025-11-05,5222,4072,Dealer_Hedging,24634
2025-11-05,5222,4000,Dealer_self,130258
2025-11-05,5222,0,Foreign_Dealer_Self,0
2025-11-05,5222,270015,Foreign_Investor,552003
2025-11-05,5222,0,Investment_Trust,0
2025-11-06,5222,5000,Dealer_Hedging,3029
2025-11-06,5222,2000,Dealer_self,541
2025-11-06,5222,0,Foreign_Dealer_Self,0
2025-11-06,5222,211000,Foreign_Investor,180000
2025-11-06,5222,134000,Investment_Trust,300000
2025-11-07,5222,13000,Dealer_Hedging,28431
2025-11-07,5222,7000,Dealer_self,7226
2025-11-07,5222,0,Foreign_Dealer_Self,0
2025-11-07,5222,87549,Foreign_Investor,318603
2025-11-07,5222,0,Investment_Trust,0
2025-11-10,5222,7423,Dealer_Hedging,266
2025-11-10,5222,1000,Dealer_self,8005
2025-11-10,5222,0,Foreign_Dealer_Self,0
2025-11-10,5222,170000,Foreign_Investor,69889
2025-11-10,5222,0,Investment_Trust,0
2025-11-11,5222,639,Dealer_Hedging,3523
2025-11-11,5222,1000,Dealer_self,468
2025-11-11,5222,0,Foreign_Dealer_Self,0
2025-11-11,5222,110000,Foreign_Investor,89000
2025-11-11,5222,0,Investment_Trust,0
2025-11-12,5222,15254,Dealer_Hedging,260
2025-11-12,5222,1000,Dealer_self,1
2025-11-12,5222,0,Foreign_Dealer_Self,0
2025-11-12,5222,233000,Foreign_Investor,81000
2025-11-12,5222,0,Investment_Trust,0
2025-11-13,5222,5000,Dealer_Hedging,12097
2025-11-13,5222,1000,Dealer_self,0
2025-11-13,5222,0,Foreign_Dealer_Self,0
2025-11-13,5222,182000,Foreign_Investor,424000
2025-11-13,5222,0,Investment_Trust,0
2025-11-14,5222,3088,Dealer_Hedging,4590
2025-11-14,5222,0,Dealer_self,5000
2025-11-14,5222,0,Foreign_Dealer_Self,0
2025-11-14,5222,67012,Foreign_Investor,178001
2025-11-14,5222,0,Investment_Trust,0
2025-11-17,5222,444,Dealer_Hedging,3349
2025-11-17,5222,435,Dealer_self,2019
2025-11-17,5222,0,Foreign_Dealer_Self,0
2025-11-17,5222,166070,Foreign_Investor,77000
2025-11-17,5222,0,Investment_Trust,0
2025-11-18,5222,2346,Dealer_Hedging,5137
2025-11-18,5222,0,Dealer_self,32000
2025-11-18,5222,0,Foreign_Dealer_Self,0
2025-11-18,5222,218005,Foreign_Investor,124000
2025-11-18,5222,0,Investment_Trust,0
2025-11-19,5222,7035,Dealer_Hedging,3574
2025-11-19,5222,1000,Dealer_self,0
2025-11-19,5222,0,Foreign_Dealer_Self,0
2025-11-19,5222,130000,Foreign_Investor,71000
2025-11-19,5222,0,Investment_Trust,0
2025-11-20,5222,5879,Dealer_Hedging,10000
2025-11-20,5222,1000,Dealer_self,1
2025-11-20,5222,0,Foreign_Dealer_Self,0
2025-11-20,5222,103000,Foreign_Investor,73000
2025-11-20,5222,0,Investment_Trust,0
2025-11-21,5222,2000,Dealer_Hedging,14621
2025-11-21,5222,8000,Dealer_self,6055
2025-11-21,5222,0,Foreign_Dealer_Self,0
2025-11-21,5222,88288,Foreign_Investor,240000
2025-11-21,5222,0,Investment_Trust,2000
2025-11-24,5222,18,Dealer_Hedging,613
2025-11-24,5222,4000,Dealer_self,2045
2025-11-24,5222,0,Foreign_Dealer_Self,0
2025-11-24,5222,95000,Foreign_Investor,117000
2025-11-24,5222,0,Investment_Trust,0
2025-11-25,5222,6000,Dealer_Hedging,105
2025-11-25,5222,1000,Dealer_self,2410
2025-11-25,5222,0,Foreign_Dealer_Self,0
2025-11-25,5222,118000,Foreign_Investor,65010
2025-11-25,5222,0,Investment_Trust,0
2025-11-26,5222,74195,Dealer_Hedging,9482
2025-11-26,5222,106284,Dealer_self,23992
2025-11-26,5222,0,Foreign_Dealer_Self,0
2025-11-26,5222,449000,Foreign_Investor,653000
2025-11-26,5222,0,Investment_Trust,0
2025-11-27,5222,3240,Dealer_Hedging,37845
2025-11-27,5222,1000,Dealer_self,81284
2025-11-27,5222,0,Foreign_Dealer_Self,0
2025-11-27,5222,371005,Foreign_Investor,338000
2025-11-27,5222,118000,Investment_Trust,0
2025-11-28,5222,4000,Dealer_Hedging,8212
2025-11-28,5222,112000,Dealer_self,537
2025-11-28,5222,0,Foreign_Dealer_Self,0
2025-11-28,5222,68600,Foreign_Investor,191314
2025-11-28,5222,0,Investment_Trust,0
2025-12-01,5222,6000,Dealer_Hedging,3180
2025-12-01,5222,7000,Dealer_self,3916
2025-12-01,5222,0,Foreign_Dealer_Self,0
2025-12-01,5222,78000,Foreign_Investor,144072
2025-12-01,5222,0,Investment_Trust,0
2025-12-02,5222,1000,Dealer_Hedging,14309
2025-12-02,5222,5000,Dealer_self,21106
2025-12-02,5222,0,Foreign_Dealer_Self,0
2025-12-02,5222,65000,Foreign_Investor,38000
2025-12-02,5222,0,Investment_Trust,0
2025-12-03,5222,2000,Dealer_Hedging,4732
2025-12-03,5222,0,Dealer_self,8000
2025-12-03,5222,0,Foreign_Dealer_Self,0
2025-12-03,5222,112000,Foreign_Investor,47025
2025-12-03,5222,0,Investment_Trust,0
2025-12-04,5222,3000,Dealer_Hedging,1997
2025-12-04,5222,1000,Dealer_self,86000
2025-12-04,5222,0,Foreign_Dealer_Self,0
2025-12-04,5222,92000,Foreign_Investor,10000
2025-12-04,5222,0,Investment_Trust,0
2025-12-05,5222,0,Dealer_Hedging,4067
2025-12-05,5222,2000,Dealer_self,6051
2025-12-05,5222,0,Foreign_Dealer_Self,0
2025-12-05,5222,52000,Foreign_Investor,12000
2025-12-05,5222,0,Investment_Trust,0
2025-12-08,5222,0,Dealer_Hedging,8000
2025-12-08,5222,1000,Dealer_self,1299
2025-12-08,5222,0,Foreign_Dealer_Self,0
2025-12-08,5222,77193,Foreign_Investor,43037
2025-12-08,5222,0,Investment_Trust,0
2025-12-09,5222,2000,Dealer_Hedging,3325
2025-12-09,5222,0,Dealer_self,1000
2025-12-09,5222,0,Foreign_Dealer_Self,0
2025-12-09,5222,23000,Foreign_Investor,39130
2025-12-09,5222,0,Investment_Trust,0
2025-12-10,5222,7000,Dealer_Hedging,11861
2025-12-10,5222,3000,Dealer_self,3119
2025-12-10,5222,0,Foreign_Dealer_Self,0
2025-12-10,5222,17200,Foreign_Investor,140250
2025-12-10,5222,0,Investment_Trust,0
2025-12-11,5222,1000,Dealer_Hedging,1565
2025-12-11,5222,0,Dealer_self,0
2025-12-11,5222,0,Foreign_Dealer_Self,0
2025-12-11,5222,69800,Foreign_Investor,35000
2025-12-11,5222,0,Investment_Trust,0
2025-12-12,5222,5000,Dealer_Hedging,0
2025-12-12,5222,1000,Dealer_self,1000
2025-12-12,5222,0,Foreign_Dealer_Self,0
2025-12-12,5222,39000,Foreign_Investor,66000
2025-12-12,5222,0,Investment_Trust,0
2025-12-15,5222,23233,Dealer_Hedging,3006
2025-12-15,5222,2000,Dealer_self,1348
2025-12-15,5222,0,Foreign_Dealer_Self,0
2025-12-15,5222,161001,Foreign_Investor,85048
2025-12-15,5222,0,Investment_Trust,0
2025-12-16,5222,5000,Dealer_Hedging,13003
2025-12-16,5222,1000,Dealer_self,3000
2025-12-16,5222,0,Foreign_Dealer_Self,0
2025-12-16,5222,47365,Foreign_Investor,117130
2025-12-16,5222,0,Investment_Trust,0
2025-12-17,5222,0,Dealer_Hedging,1002
2025-12-17,5222,1000,Dealer_self,1000
2025-12-17,5222,0,Foreign_Dealer_Self,0
2025-12-17,5222,42000,Foreign_Investor,48300
2025-12-17,5222,0,Investment_Trust,1000
2025-12-18,5222,0,Dealer_Hedging,4038
2025-12-18,5222,2000,Dealer_self,393
2025-12-18,5222,0,Foreign_Dealer_Self,0
2025-12-18,5222,46000,Foreign_Investor,77103
2025-12-18,5222,0,Investment_Trust,3000
2025-12-19,5222,2484,Dealer_Hedging,0
2025-12-19,5222,1000,Dealer_self,2000
2025-12-19,5222,0,Foreign_Dealer_Self,0
2025-12-19,5222,206000,Foreign_Investor,35000
2025-12-19,5222,0,Investment_Trust,0
2025-12-22,5222,33441,Dealer_Hedging,2000
2025-12-22,5222,0,Dealer_self,0
2025-12-22,5222,0,Foreign_Dealer_Self,0
2025-12-22,5222,310000,Foreign_Investor,77000
2025-12-22,5222,0,Investment_Trust,0
2025-12-23,5222,2623,Dealer_Hedging,16000
2025-12-23,5222,0,Dealer_self,0
2025-12-23,5222,0,Foreign_Dealer_Self,0
2025-12-23,5222,98900,Foreign_Investor,162000
2025-12-23,5222,0,Investment_Trust,0
2025-12-24,5222,2263,Dealer_Hedging,4000
2025-12-24,5222,1400,Dealer_self,0
2025-12-24,5222,0,Foreign_Dealer_Self,0
2025-12-24,5222,71000,Foreign_Investor,9000
2025-12-24,5222,0,Investment_Trust,1000
2025-12-26,5222,12011,Dealer_Hedging,4500
2025-12-26,5222,1000,Dealer_self,0
2025-12-26,5222,0,Foreign_Dealer_Self,0
2025-12-26,5222,112000,Foreign_Investor,14007
2025-12-26,5222,0,Investment_Trust,0
2025-12-29,5222,24000,Dealer_Hedging,1000
2025-12-29,5222,0,Dealer_self,1000
2025-12-29,5222,0,Foreign_Dealer_Self,0
2025-12-29,5222,202000,Foreign_Investor,127000
2025-12-29,5222,0,Investment_Trust,0
2025-12-30,5222,3999,Dealer_Hedging,10000
2025-12-30,5222,0,Dealer_self,0
2025-12-30,5222,0,Foreign_Dealer_Self,0
2025-12-30,5222,130000,Foreign_Investor,278000
2025-12-30,5222,0,Investment_Trust,0
2025-12-31,5222,14031,Dealer_Hedging,18045
2025-12-31,5222,1000,Dealer_self,1
2025-12-31,5222,0,Foreign_Dealer_Self,0
2025-12-31,5222,446000,Foreign_Investor,115001
2025-12-31,5222,0,Investment_Trust,0
2026-01-02,5222,4000,Dealer_Hedging,676
2026-01-02,5222,0,Dealer_self,531
2026-01-02,5222,0,Foreign_Dealer_Self,0
2026-01-02,5222,260000,Foreign_Investor,67000
2026-01-02,5222,0,Investment_Trust,0
2026-01-05,5222,637,Dealer_Hedging,5233
2026-01-05,5222,2000,Dealer_self,26
2026-01-05,5222,0,Foreign_Dealer_Self,0
2026-01-05,5222,252181,Foreign_Investor,219600
2026-01-05,5222,0,Investment_Trust,100000
2026-01-06,5222,4000,Dealer_Hedging,780
2026-01-06,5222,1000,Dealer_self,579
2026-01-06,5222,0,Foreign_Dealer_Self,0
2026-01-06,5222,102000,Foreign_Investor,76000
2026-01-06,5222,0,Investment_Trust,49000
2026-01-07,5222,22158,Dealer_Hedging,7724
2026-01-07,5222,0,Dealer_self,0
2026-01-07,5222,0,Foreign_Dealer_Self,0
2026-01-07,5222,112000,Foreign_Investor,143000
2026-01-07,5222,0,Investment_Trust,118000
2026-01-08,5222,27711,Dealer_Hedging,1044
2026-01-08,5222,0,Dealer_self,724
2026-01-08,5222,0,Foreign_Dealer_Self,0
2026-01-08,5222,145000,Foreign_Investor,207000
2026-01-08,5222,0,Investment_Trust,121000
2026-01-09,5222,0,Dealer_Hedging,3543
2026-01-09,5222,0,Dealer_self,0
2026-01-09,5222,0,Foreign_Dealer_Self,0
2026-01-09,5222,145000,Foreign_Investor,155000
2026-01-09,5222,0,Investment_Trust,111000
2026-01-12,5222,16053,Dealer_Hedging,5046
2026-01-12,5222,2000,Dealer_self,559
2026-01-12,5222,0,Foreign_Dealer_Self,0
2026-01-12,5222,377000,Foreign_Investor,75195
2026-01-12,5222,0,Investment_Trust,118000
2026-01-13,5222,11000,Dealer_Hedging,9101
2026-01-13,5222,0,Dealer_self,0
2026-01-13,5222,0,Foreign_Dealer_Self,0
2026-01-13,5222,249000,Foreign_Investor,101000
2026-01-13,5222,0,Investment_Trust,137000
2026-01-14,5222,1000,Dealer_Hedging,4000
2026-01-14,5222,1000,Dealer_self,1000
2026-01-14,5222,0,Foreign_Dealer_Self,0
2026-01-14,5222,109000,Foreign_Investor,92000
2026-01-14,5222,0,Investment_Trust,0
2026-01-15,5222,9475,Dealer_Hedging,2480
2026-01-15,5222,1000,Dealer_self,1000
2026-01-15,5222,0,Foreign_Dealer_Self,0
2026-01-15,5222,172000,Foreign_Investor,99000
2026-01-15,5222,0,Investment_Trust,0
2026-01-16,5222,18458,Dealer_Hedging,10000
2026-01-16,5222,0,Dealer_self,0
2026-01-16,5222,0,Foreign_Dealer_Self,0
2026-01-16,5222,117000,Foreign_Investor,129000
2026-01-16,5222,1000,Investment_Trust,0
2026-01-19,5222,69470,Dealer_Hedging,41291
2026-01-19,5222,67120,Dealer_self,3099
2026-01-19,5222,0,Foreign_Dealer_Self,0
2026-01-19,5222,712100,Foreign_Investor,772790
2026-01-19,5222,0,Investment_Trust,0
2026-01-20,5222,89276,Dealer_Hedging,21018
2026-01-20,5222,26779,Dealer_self,32156
2026-01-20,5222,0,Foreign_Dealer_Self,0
2026-01-20,5222,1031000,Foreign_Investor,588000
2026-01-20,5222,0,Investment_Trust,0
2026-01-21,5222,49895,Dealer_Hedging,25734
2026-01-21,5222,7000,Dealer_self,7263
2026-01-21,5222,0,Foreign_Dealer_Self,0
2026-01-21,5222,696000,Foreign_Investor,775000
2026-01-21,5222,0,Investment_Trust,0
2026-01-22,5222,6158,Dealer_Hedging,31947
2026-01-22,5222,11000,Dealer_self,548
2026-01-22,5222,0,Foreign_Dealer_Self,0
2026-01-22,5222,258079,Foreign_Investor,387380
2026-01-22,5222,0,Investment_Trust,0
2026-01-23,5222,8516,Dealer_Hedging,14009
2026-01-23,5222,5234,Dealer_self,5664
2026-01-23,5222,0,Foreign_Dealer_Self,0
2026-01-23,5222,437010,Foreign_Investor,150000
2026-01-23,5222,0,Investment_Trust,0
2026-01-26,5222,37013,Dealer_Hedging,3206
2026-01-26,5222,88000,Dealer_self,8372
2026-01-26,5222,0,Foreign_Dealer_Self,0
2026-01-26,5222,364100,Foreign_Investor,798000
2026-01-26,5222,0,Investment_Trust,1000
2026-01-27,5222,13639,Dealer_Hedging,39699
2026-01-27,5222,16000,Dealer_self,143093
2026-01-27,5222,0,Foreign_Dealer_Self,0
2026-01-27,5222,172005,Foreign_Investor,192008
2026-01-27,5222,0,Investment_Trust,0
2026-01-28,5222,3331,Dealer_Hedging,38320
2026-01-28,5222,5000,Dealer_self,1095
2026-01-28,5222,0,Foreign_Dealer_Self,0
2026-01-28,5222,195000,Foreign_Investor,91100
2026-01-28,5222,0,Investment_Trust,0
2026-01-29,5222,49254,Dealer_Hedging,37434
2026-01-29,5222,7000,Dealer_self,11429
2026-01-29,5222,0,Foreign_Dealer_Self,0
2026-01-29,5222,286400,Foreign_Investor,309000
2026-01-29,5222,0,Investment_Trust,0
2026-01-30,5222,1105,Dealer_Hedging,66021
2026-01-30,5222,12000,Dealer_self,2027
2026-01-30,5222,0,Foreign_Dealer_Self,0
2026-01-30,5222,186005,Foreign_Investor,237020
2026-01-30,5222,0,Investment_Trust,0
2026-02-02,5222,5302,Dealer_Hedging,29997
2026-02-02,5222,2000,Dealer_self,803
2026-02-02,5222,0,Foreign_Dealer_Self,0
2026-02-02,5222,194005,Foreign_Investor,160030
2026-02-02,5222,0,Investment_Trust,0
2026-02-03,5222,17130,Dealer_Hedging,7739
2026-02-03,5222,3000,Dealer_self,7736
2026-02-03,5222,0,Foreign_Dealer_Self,0
2026-02-03,5222,399000,Foreign_Investor,346080
2026-02-03,5222,0,Investment_Trust,0
2026-02-04,5222,70700,Dealer_Hedging,13519
2026-02-04,5222,16000,Dealer_self,21779
2026-02-04,5222,0,Foreign_Dealer_Self,0
2026-02-04,5222,342000,Foreign_Investor,689251
2026-02-04,5222,0,Investment_Trust,0
2026-02-05,5222,1268,Dealer_Hedging,52555
2026-02-05,5222,10000,Dealer_self,3233
2026-02-05,5222,0,Foreign_Dealer_Self,0
2026-02-05,5222,138000,Foreign_Investor,697031
2026-02-05,5222,0,Investment_Trust,0
2026-02-06,5222,8720,Dealer_Hedging,33158
2026-02-06,5222,3000,Dealer_self,3629
2026-02-06,5222,0,Foreign_Dealer_Self,0
2026-02-06,5222,216005,Foreign_Investor,185454
2026-02-06,5222,0,Investment_Trust,0
2026-02-09,5222,0,Dealer_Hedging,12045
2026-02-09,5222,52000,Dealer_self,988
2026-02-09,5222,0,Foreign_Dealer_Self,0
2026-02-09,5222,67000,Foreign_Investor,157010
2026-02-09,5222,0,Investment_Trust,0
2026-02-10,5222,760,Dealer_Hedging,22927
2026-02-10,5222,1000,Dealer_self,0
2026-02-10,5222,0,Foreign_Dealer_Self,0
2026-02-10,5222,68001,Foreign_Investor,95035
2026-02-10,5222,0,Investment_Trust,0
2026-02-11,5222,17060,Dealer_Hedging,12876
2026-02-11,5222,56000,Dealer_self,366
2026-02-11,5222,0,Foreign_Dealer_Self,0
2026-02-11,5222,201000,Foreign_Investor,182000
2026-02-11,5222,0,Investment_Trust,0
2026-02-23,5222,33274,Dealer_Hedging,7754
2026-02-23,5222,29365,Dealer_self,7598
2026-02-23,5222,0,Foreign_Dealer_Self,0
2026-02-23,5222,528200,Foreign_Investor,203000
2026-02-23,5222,0,Investment_Trust,0
2026-02-24,5222,28205,Dealer_Hedging,13064
2026-02-24,5222,1173,Dealer_self,3000
2026-02-24,5222,0,Foreign_Dealer_Self,0
2026-02-24,5222,467000,Foreign_Investor,201000
2026-02-24,5222,1000,Investment_Trust,0
2026-02-25,5222,33021,Dealer_Hedging,6724
2026-02-25,5222,11966,Dealer_self,0
2026-02-25,5222,0,Foreign_Dealer_Self,0
2026-02-25,5222,572700,Foreign_Investor,172020
2026-02-25,5222,0,Investment_Trust,0
2026-02-26,5222,8762,Dealer_Hedging,17212
2026-02-26,5222,5042,Dealer_self,70000
2026-02-26,5222,0,Foreign_Dealer_Self,0
2026-02-26,5222,384492,Foreign_Investor,162000
2026-02-26,5222,10000,Investment_Trust,0
2026-03-02,5222,17137,Dealer_Hedging,39861
2026-03-02,5222,7092,Dealer_self,8069
2026-03-02,5222,0,Foreign_Dealer_Self,0
2026-03-02,5222,261600,Foreign_Investor,813000
2026-03-02,5222,16000,Investment_Trust,0
2026-03-03,5222,89093,Dealer_Hedging,24928
2026-03-03,5222,3090,Dealer_self,21905
2026-03-03,5222,0,Foreign_Dealer_Self,0
2026-03-03,5222,894000,Foreign_Investor,455036
2026-03-03,5222,0,Investment_Trust,0
2026-03-04,5222,9338,Dealer_Hedging,81668
2026-03-04,5222,93154,Dealer_self,18297
2026-03-04,5222,0,Foreign_Dealer_Self,0
2026-03-04,5222,629305,Foreign_Investor,975887
2026-03-04,5222,12000,Investment_Trust,0
2026-03-05,5222,10000,Dealer_Hedging,10703
2026-03-05,5222,5000,Dealer_self,60487
2026-03-05,5222,0,Foreign_Dealer_Self,0
2026-03-05,5222,331630,Foreign_Investor,185000
2026-03-05,5222,0,Investment_Trust,0
2026-03-06,5222,18765,Dealer_Hedging,11465
2026-03-06,5222,1281,Dealer_self,743
2026-03-06,5222,0,Foreign_Dealer_Self,0
2026-03-06,5222,261000,Foreign_Investor,238701
2026-03-06,5222,0,Investment_Trust,0
2026-03-09,5222,200,Dealer_Hedging,60672
2026-03-09,5222,3000,Dealer_self,7225
2026-03-09,5222,0,Foreign_Dealer_Self,0
2026-03-09,5222,399710,Foreign_Investor,795427
2026-03-09,5222,0,Investment_Trust,0
2026-03-10,5222,1000,Dealer_Hedging,48772
2026-03-10,5222,4000,Dealer_self,76927
2026-03-10,5222,0,Foreign_Dealer_Self,0
2026-03-10,5222,219001,Foreign_Investor,190000
2026-03-10,5222,0,Investment_Trust,1000
2026-03-11,5222,28593,Dealer_Hedging,40003
2026-03-11,5222,4627,Dealer_self,1001
2026-03-11,5222,0,Foreign_Dealer_Self,0
2026-03-11,5222,420000,Foreign_Investor,106000
2026-03-11,5222,0,Investment_Trust,0
2026-03-12,5222,1000,Dealer_Hedging,34845
2026-03-12,5222,0,Dealer_self,6293
2026-03-12,5222,0,Foreign_Dealer_Self,0
2026-03-12,5222,118000,Foreign_Investor,162817
2026-03-12,5222,0,Investment_Trust,0
2026-03-13,5222,0,Dealer_Hedging,43041
2026-03-13,5222,0,Dealer_self,3555
2026-03-13,5222,0,Foreign_Dealer_Self,0
2026-03-13,5222,112379,Foreign_Investor,272127
2026-03-13,5222,0,Investment_Trust,101000
2026-03-16,5222,139,Dealer_Hedging,14406
2026-03-16,5222,1000,Dealer_self,1766
2026-03-16,5222,0,Foreign_Dealer_Self,0
2026-03-16,5222,104000,Foreign_Investor,102799
2026-03-16,5222,0,Investment_Trust,50000
2026-03-17,5222,0,Dealer_Hedging,6551
2026-03-17,5222,4000,Dealer_self,3061
2026-03-17,5222,0,Foreign_Dealer_Self,0
2026-03-17,5222,110000,Foreign_Investor,74000
2026-03-17,5222,0,Investment_Trust,1000
2026-03-18,5222,1000,Dealer_Hedging,1061
2026-03-18,5222,2000,Dealer_self,0
2026-03-18,5222,0,Foreign_Dealer_Self,0
2026-03-18,5222,193000,Foreign_Investor,108559
2026-03-18,5222,0,Investment_Trust,1000
2026-03-19,5222,0,Dealer_Hedging,5815
2026-03-19,5222,2000,Dealer_self,1619
2026-03-19,5222,0,Foreign_Dealer_Self,0
2026-03-19,5222,49005,Foreign_Investor,167000
2026-03-19,5222,0,Investment_Trust,3000
2026-03-20,5222,2200,Dealer_Hedging,1023
2026-03-20,5222,11000,Dealer_self,2411
2026-03-20,5222,0,Foreign_Dealer_Self,0
2026-03-20,5222,135000,Foreign_Investor,272000
2026-03-20,5222,0,Investment_Trust,1000
2026-03-23,5222,182,Dealer_Hedging,7952
2026-03-23,5222,5000,Dealer_self,12652
2026-03-23,5222,0,Foreign_Dealer_Self,0
2026-03-23,5222,237000,Foreign_Investor,296000
2026-03-23,5222,0,Investment_Trust,0
2026-03-24,5222,3000,Dealer_Hedging,15877
2026-03-24,5222,8000,Dealer_self,288
2026-03-24,5222,0,Foreign_Dealer_Self,0
2026-03-24,5222,177300,Foreign_Investor,215000
2026-03-24,5222,0,Investment_Trust,3000
2026-03-25,5222,0,Dealer_Hedging,1
2026-03-25,5222,9000,Dealer_self,327
2026-03-25,5222,0,Foreign_Dealer_Self,0
2026-03-25,5222,132010,Foreign_Investor,40300
2026-03-25,5222,0,Investment_Trust,0
2026-03-26,5222,1075,Dealer_Hedging,3484
2026-03-26,5222,5000,Dealer_self,2892
2026-03-26,5222,0,Foreign_Dealer_Self,0
2026-03-26,5222,110010,Foreign_Investor,157000
2026-03-26,5222,0,Investment_Trust,0
2026-03-27,5222,7691,Dealer_Hedging,3776
2026-03-27,5222,7000,Dealer_self,10240
2026-03-27,5222,0,Foreign_Dealer_Self,0
2026-03-27,5222,278010,Foreign_Investor,187000
2026-03-27,5222,0,Investment_Trust,1000
2026-03-30,5222,2000,Dealer_Hedging,874
2026-03-30,5222,1000,Dealer_self,9652
2026-03-30,5222,0,Foreign_Dealer_Self,0
2026-03-30,5222,157441,Foreign_Investor,123000
2026-03-30,5222,0,Investment_Trust,0
2026-03-31,5222,0,Dealer_Hedging,10326
2026-03-31,5222,2000,Dealer_self,10639
2026-03-31,5222,0,Foreign_Dealer_Self,0
2026-03-31,5222,42300,Foreign_Investor,242000
2026-03-31,5222,0,Investment_Trust,140000
2026-04-01,5222,0,Dealer_Hedging,2806
2026-04-01,5222,5000,Dealer_self,1070
2026-04-01,5222,0,Foreign_Dealer_Self,0
2026-04-01,5222,35010,Foreign_Investor,80000
2026-04-01,5222,0,Investment_Trust,0
2026-04-02,5222,0,Dealer_Hedging,8089
2026-04-02,5222,10000,Dealer_self,10360
2026-04-02,5222,0,Foreign_Dealer_Self,0
2026-04-02,5222,92010,Foreign_Investor,394000
2026-04-02,5222,0,Investment_Trust,0
2026-04-07,5222,0,Dealer_Hedging,10171
2026-04-07,5222,22000,Dealer_self,22356
2026-04-07,5222,0,Foreign_Dealer_Self,0
2026-04-07,5222,357000,Foreign_Investor,504000
2026-04-07,5222,0,Investment_Trust,0
2026-04-08,5222,0,Dealer_Hedging,9032
2026-04-08,5222,3000,Dealer_self,10006
2026-04-08,5222,0,Foreign_Dealer_Self,0
2026-04-08,5222,276000,Foreign_Investor,365000
2026-04-08,5222,0,Investment_Trust,5000
2026-04-09,5222,0,Dealer_Hedging,4229
2026-04-09,5222,2000,Dealer_self,4402
2026-04-09,5222,0,Foreign_Dealer_Self,0
2026-04-09,5222,303000,Foreign_Investor,158000
2026-04-09,5222,0,Investment_Trust,2000
2026-04-10,5222,0,Dealer_Hedging,3809
2026-04-10,5222,4000,Dealer_self,5026
2026-04-10,5222,0,Foreign_Dealer_Self,0
2026-04-10,5222,167020,Foreign_Investor,145000
2026-04-10,5222,0,Investment_Trust,0
2026-04-13,5222,30999,Dealer_Hedging,2709
2026-04-13,5222,2261,Dealer_self,1507
2026-04-13,5222,0,Foreign_Dealer_Self,0
2026-04-13,5222,388000,Foreign_Investor,250000
2026-04-13,5222,0,Investment_Trust,0
2026-04-14,5222,52807,Dealer_Hedging,8147
2026-04-14,5222,5000,Dealer_self,4779
2026-04-14,5222,0,Foreign_Dealer_Self,0
2026-04-14,5222,350219,Foreign_Investor,340000
2026-04-14,5222,0,Investment_Trust,0
2026-04-15,5222,4204,Dealer_Hedging,12696
2026-04-15,5222,109,Dealer_self,12000
2026-04-15,5222,0,Foreign_Dealer_Self,0
2026-04-15,5222,271615,Foreign_Investor,185000
2026-04-15,5222,0,Investment_Trust,1000
2026-04-16,5222,327,Dealer_Hedging,2594
2026-04-16,5222,1000,Dealer_self,0
2026-04-16,5222,0,Foreign_Dealer_Self,0
2026-04-16,5222,350173,Foreign_Investor,218000
2026-04-16,5222,0,Investment_Trust,2000
2026-04-17,5222,55244,Dealer_Hedging,2523
2026-04-17,5222,38251,Dealer_self,17000
2026-04-17,5222,0,Foreign_Dealer_Self,0
2026-04-17,5222,1421224,Foreign_Investor,369001
2026-04-17,5222,0,Investment_Trust,0
2026-04-20,5222,55858,Dealer_Hedging,15298
2026-04-20,5222,8035,Dealer_self,35895
2026-04-20,5222,0,Foreign_Dealer_Self,0
2026-04-20,5222,899300,Foreign_Investor,1719786
2026-04-20,5222,0,Investment_Trust,1000
2026-04-21,5222,17749,Dealer_Hedging,7651
2026-04-21,5222,2000,Dealer_self,635
2026-04-21,5222,0,Foreign_Dealer_Self,0
2026-04-21,5222,557000,Foreign_Investor,267067
2026-04-21,5222,0,Investment_Trust,2000
2026-04-22,5222,9962,Dealer_Hedging,4921
2026-04-22,5222,1000,Dealer_self,0
2026-04-22,5222,0,Foreign_Dealer_Self,0
2026-04-22,5222,481000,Foreign_Investor,325991
2026-04-22,5222,0,Investment_Trust,1000
2026-04-23,5222,29017,Dealer_Hedging,31207
2026-04-23,5222,31132,Dealer_self,3158
2026-04-23,5222,0,Foreign_Dealer_Self,0
2026-04-23,5222,790000,Foreign_Investor,623000
2026-04-23,5222,0,Investment_Trust,1000
2026-04-24,5222,1666,Dealer_Hedging,13739
2026-04-24,5222,0,Dealer_self,8858
2026-04-24,5222,0,Foreign_Dealer_Self,0
2026-04-24,5222,147000,Foreign_Investor,270000
2026-04-24,5222,0,Investment_Trust,1000
2026-04-27,5222,3474,Dealer_Hedging,4751
2026-04-27,5222,767,Dealer_self,2343
2026-04-27,5222,0,Foreign_Dealer_Self,0
2026-04-27,5222,325005,Foreign_Investor,190000
2026-04-27,5222,0,Investment_Trust,2000
2026-04-28,5222,0,Dealer_Hedging,2436
2026-04-28,5222,0,Dealer_self,1654
2026-04-28,5222,0,Foreign_Dealer_Self,0
2026-04-28,5222,89005,Foreign_Investor,217001
2026-04-28,5222,0,Investment_Trust,1000
2026-04-29,5222,0,Dealer_Hedging,5738
2026-04-29,5222,5000,Dealer_self,1
2026-04-29,5222,0,Foreign_Dealer_Self,0
2026-04-29,5222,64000,Foreign_Investor,165080
2026-04-29,5222,0,Investment_Trust,0
2026-04-30,5222,2000,Dealer_Hedging,2343
2026-04-30,5222,1000,Dealer_self,2
2026-04-30,5222,0,Foreign_Dealer_Self,0
2026-04-30,5222,70000,Foreign_Investor,71000
2026-04-30,5222,0,Investment_Trust,1000
2026-05-04,5222,26984,Dealer_Hedging,1608
2026-05-04,5222,1000,Dealer_self,880
2026-05-04,5222,0,Foreign_Dealer_Self,0
2026-05-04,5222,267000,Foreign_Investor,123000
2026-05-04,5222,0,Investment_Trust,0
2026-05-05,5222,10691,Dealer_Hedging,4660
2026-05-05,5222,0,Dealer_self,0
2026-05-05,5222,0,Foreign_Dealer_Self,0
2026-05-05,5222,122000,Foreign_Investor,35000
2026-05-05,5222,1000,Investment_Trust,0
2026-05-06,5222,2606,Dealer_Hedging,10538
2026-05-06,5222,1000,Dealer_self,90
2026-05-06,5222,0,Foreign_Dealer_Self,0
2026-05-06,5222,60000,Foreign_Investor,131000
2026-05-06,5222,2000,Investment_Trust,1000
2026-05-07,5222,3056,Dealer_Hedging,3252
2026-05-07,5222,2000,Dealer_self,6000
2026-05-07,5222,0,Foreign_Dealer_Self,0
2026-05-07,5222,331000,Foreign_Investor,168000
2026-05-07,5222,0,Investment_Trust,1000
2026-05-08,5222,24815,Dealer_Hedging,8488
2026-05-08,5222,3019,Dealer_self,2616
2026-05-08,5222,0,Foreign_Dealer_Self,0
2026-05-08,5222,419000,Foreign_Investor,245000
2026-05-08,5222,0,Investment_Trust,1000
2026-05-11,5222,2000,Dealer_Hedging,26897
2026-05-11,5222,5000,Dealer_self,23878
2026-05-11,5222,0,Foreign_Dealer_Self,0
2026-05-11,5222,115042,Foreign_Investor,697011
2026-05-11,5222,2000,Investment_Trust,0
2026-05-12,5222,1000,Dealer_Hedging,14096
2026-05-12,5222,5000,Dealer_self,6599
2026-05-12,5222,0,Foreign_Dealer_Self,0
2026-05-12,5222,214000,Foreign_Investor,241225
2026-05-12,5222,0,Investment_Trust,1000
2026-05-13,5222,0,Dealer_Hedging,12653
2026-05-13,5222,1000,Dealer_self,0
2026-05-13,5222,0,Foreign_Dealer_Self,0
2026-05-13,5222,91010,Foreign_Investor,232441
2026-05-13,5222,2000,Investment_Trust,0
2026-05-14,5222,1000,Dealer_Hedging,10062
2026-05-14,5222,8000,Dealer_self,7449
2026-05-14,5222,0,Foreign_Dealer_Self,0
2026-05-14,5222,47005,Foreign_Investor,201000
2026-05-14,5222,0,Investment_Trust,0
2026-05-15,5222,0,Dealer_Hedging,5676
2026-05-15,5222,1000,Dealer_self,1405
2026-05-15,5222,0,Foreign_Dealer_Self,0
2026-05-15,5222,185300,Foreign_Investor,99000
2026-05-15,5222,0,Investment_Trust,0
2026-05-18,5222,0,Dealer_Hedging,4564
2026-05-18,5222,0,Dealer_self,1
2026-05-18,5222,0,Foreign_Dealer_Self,0
2026-05-18,5222,119238,Foreign_Investor,112579
2026-05-18,5222,0,Investment_Trust,2000
2026-05-19,5222,2000,Dealer_Hedging,12410
2026-05-19,5222,6000,Dealer_self,7346
2026-05-19,5222,0,Foreign_Dealer_Self,0
2026-05-19,5222,87010,Foreign_Investor,195000
2026-05-19,5222,3000,Investment_Trust,0
2026-05-20,5222,0,Dealer_Hedging,2086
2026-05-20,5222,1000,Dealer_self,1417
2026-05-20,5222,0,Foreign_Dealer_Self,0
2026-05-20,5222,50150,Foreign_Investor,84000
2026-05-20,5222,0,Investment_Trust,0
2026-05-21,5222,0,Dealer_Hedging,3677
2026-05-21,5222,41,Dealer_self,218
2026-05-21,5222,0,Foreign_Dealer_Self,0
2026-05-21,5222,142000,Foreign_Investor,62138
2026-05-21,5222,10000,Investment_Trust,1000
2026-05-22,5222,9000,Dealer_Hedging,32166
2026-05-22,5222,12000,Dealer_self,11357
2026-05-22,5222,0,Foreign_Dealer_Self,0
2026-05-22,5222,65300,Foreign_Investor,194120
2026-05-22,5222,0,Investment_Trust,0
2026-05-25,5222,2000,Dealer_Hedging,4963
2026-05-25,5222,9000,Dealer_self,9431
2026-05-25,5222,0,Foreign_Dealer_Self,0
2026-05-25,5222,129606,Foreign_Investor,203409
2026-05-25,5222,0,Investment_Trust,0
2026-05-26,5222,5000,Dealer_Hedging,11011
2026-05-26,5222,11000,Dealer_self,9009
2026-05-26,5222,0,Foreign_Dealer_Self,0
2026-05-26,5222,44000,Foreign_Investor,127356
2026-05-26,5222,0,Investment_Trust,1000
2026-05-27,5222,6000,Dealer_Hedging,2477
2026-05-27,5222,6000,Dealer_self,4798
2026-05-27,5222,0,Foreign_Dealer_Self,0
2026-05-27,5222,110000,Foreign_Investor,157250
2026-05-27,5222,0,Investment_Trust,0
2026-05-28,5222,6000,Dealer_Hedging,13530
2026-05-28,5222,7000,Dealer_self,6909
2026-05-28,5222,0,Foreign_Dealer_Self,0
2026-05-28,5222,123000,Foreign_Investor,211946
2026-05-28,5222,0,Investment_Trust,1000
2026-05-29,5222,0,Dealer_Hedging,634
2026-05-29,5222,0,Dealer_self,1259
2026-05-29,5222,0,Foreign_Dealer_Self,0
2026-05-29,5222,120000,Foreign_Investor,147000
2026-05-29,5222,0,Investment_Trust,0
2026-06-01,5222,2700,Dealer_Hedging,999
2026-06-01,5222,0,Dealer_self,220
2026-06-01,5222,0,Foreign_Dealer_Self,0
2026-06-01,5222,140010,Foreign_Investor,116841
2026-06-01,5222,0,Investment_Trust,1000
2026-06-02,5222,1000,Dealer_Hedging,5193
2026-06-02,5222,8000,Dealer_self,8196
2026-06-02,5222,0,Foreign_Dealer_Self,0
2026-06-02,5222,88000,Foreign_Investor,329000
2026-06-02,5222,0,Investment_Trust,0
2026-06-03,5222,0,Dealer_Hedging,1301
2026-06-03,5222,3000,Dealer_self,1728
2026-06-03,5222,0,Foreign_Dealer_Self,0
2026-06-03,5222,243000,Foreign_Investor,35917
2026-06-03,5222,0,Investment_Trust,0
2026-06-04,5222,1000,Dealer_Hedging,3616
2026-06-04,5222,2000,Dealer_self,2032
2026-06-04,5222,0,Foreign_Dealer_Self,0
2026-06-04,5222,58010,Foreign_Investor,40000
2026-06-04,5222,0,Investment_Trust,0
2026-06-05,5222,2000,Dealer_Hedging,6033
2026-06-05,5222,7000,Dealer_self,8234
2026-06-05,5222,0,Foreign_Dealer_Self,0
2026-06-05,5222,84010,Foreign_Investor,172000
2026-06-05,5222,0,Investment_Trust,1000
2026-06-08,5222,6000,Dealer_Hedging,19765
2026-06-08,5222,1000,Dealer_self,809
2026-06-08,5222,0,Foreign_Dealer_Self,0
2026-06-08,5222,146040,Foreign_Investor,252577
2026-06-08,5222,0,Investment_Trust,0
2026-06-09,5222,1000,Dealer_Hedging,6030
2026-06-09,5222,1000,Dealer_self,1599
2026-06-09,5222,0,Foreign_Dealer_Self,0
2026-06-09,5222,100075,Foreign_Investor,147353
2026-06-09,5222,2000,Investment_Trust,0
2026-06-10,5222,6150,Dealer_Hedging,17633
2026-06-10,5222,5000,Dealer_self,5063
2026-06-10,5222,0,Foreign_Dealer_Self,0
2026-06-10,5222,58020,Foreign_Investor,126000
2026-06-10,5222,0,Investment_Trust,0
2026-06-11,5222,2000,Dealer_Hedging,8843
2026-06-11,5222,7000,Dealer_self,4222
2026-06-11,5222,0,Foreign_Dealer_Self,0
2026-06-11,5222,112650,Foreign_Investor,146120
2026-06-11,5222,0,Investment_Trust,0
2026-06-12,5222,1000,Dealer_Hedging,3614
2026-06-12,5222,1000,Dealer_self,2249
2026-06-12,5222,0,Foreign_Dealer_Self,0
2026-06-12,5222,85070,Foreign_Investor,109000
2026-06-12,5222,0,Investment_Trust,0
2026-06-15,5222,0,Dealer_Hedging,6226
2026-06-15,5222,4000,Dealer_self,3985
2026-06-15,5222,0,Foreign_Dealer_Self,0
2026-06-15,5222,47930,Foreign_Investor,81000
2026-06-15,5222,0,Investment_Trust,0
2026-06-16,5222,0,Dealer_Hedging,2173
2026-06-16,5222,6000,Dealer_self,4521
2026-06-16,5222,0,Foreign_Dealer_Self,0
2026-06-16,5222,26000,Foreign_Investor,87000
2026-06-16,5222,0,Investment_Trust,1000
2026-06-17,5222,0,Dealer_Hedging,1187
2026-06-17,5222,2000,Dealer_self,3396
2026-06-17,5222,0,Foreign_Dealer_Self,0
2026-06-17,5222,58000,Foreign_Investor,74000
2026-06-17,5222,0,Investment_Trust,0
2026-06-18,5222,596,Dealer_Hedging,2542
2026-06-18,5222,1000,Dealer_self,1273
2026-06-18,5222,0,Foreign_Dealer_Self,0
2026-06-18,5222,85000,Foreign_Investor,78648
2026-06-18,5222,0,Investment_Trust,0
2026-06-22,5222,8535,Dealer_Hedging,141
2026-06-22,5222,166195,Dealer_self,52337
2026-06-22,5222,0,Foreign_Dealer_Self,0
2026-06-22,5222,249000,Foreign_Investor,356000
2026-06-22,5222,0,Investment_Trust,1000
2026-06-23,5222,1000,Dealer_Hedging,3246
2026-06-23,5222,11000,Dealer_self,125454
2026-06-23,5222,0,Foreign_Dealer_Self,0
2026-06-23,5222,128300,Foreign_Investor,289000
2026-06-23,5222,5000,Investment_Trust,0
2026-06-24,5222,5000,Dealer_Hedging,579
2026-06-24,5222,4000,Dealer_self,5013
2026-06-24,5222,0,Foreign_Dealer_Self,0
2026-06-24,5222,47000,Foreign_Investor,158039
2026-06-24,5222,0,Investment_Trust,0
2026-06-25,5222,0,Dealer_Hedging,5000
2026-06-25,5222,2000,Dealer_self,1986
2026-06-25,5222,0,Foreign_Dealer_Self,0
2026-06-25,5222,81158,Foreign_Investor,98000
2026-06-25,5222,0,Investment_Trust,0
2026-06-26,5222,956,Dealer_Hedging,1147
2026-06-26,5222,4000,Dealer_self,5499
2026-06-26,5222,0,Foreign_Dealer_Self,0
2026-06-26,5222,139000,Foreign_Investor,210002
2026-06-26,5222,5000,Investment_Trust,0
2026-06-29,5222,2210,Dealer_Hedging,177
2026-06-29,5222,3000,Dealer_self,1211
2026-06-29,5222,0,Foreign_Dealer_Self,0
2026-06-29,5222,185366,Foreign_Investor,234500
2026-06-29,5222,0,Investment_Trust,0
2026-06-30,5222,5536,Dealer_Hedging,0
2026-06-30,5222,3842,Dealer_self,4515
2026-06-30,5222,0,Foreign_Dealer_Self,0
2026-06-30,5222,697046,Foreign_Investor,249090
2026-06-30,5222,0,Investment_Trust,0
2026-07-01,5222,2000,Dealer_Hedging,597
2026-07-01,5222,103000,Dealer_self,102447
2026-07-01,5222,0,Foreign_Dealer_Self,0
2026-07-01,5222,404301,Foreign_Investor,229000
2026-07-01,5222,0,Investment_Trust,0
2026-07-02,5222,2533,Dealer_Hedging,1757
2026-07-02,5222,11000,Dealer_self,1096
2026-07-02,5222,0,Foreign_Dealer_Self,0
2026-07-02,5222,106250,Foreign_Investor,197284
2026-07-02,5222,5000,Investment_Trust,0
2026-07-03,5222,3150,Dealer_Hedging,120
2026-07-03,5222,1000,Dealer_self,6698
2026-07-03,5222,0,Foreign_Dealer_Self,0
2026-07-03,5222,367071,Foreign_Investor,275313
2026-07-03,5222,0,Investment_Trust,0
2026-07-06,5222,7157,Dealer_Hedging,1000
2026-07-06,5222,0,Dealer_self,5000
2026-07-06,5222,0,Foreign_Dealer_Self,0
2026-07-06,5222,398125,Foreign_Investor,243509
2026-07-06,5222,0,Investment_Trust,0
2026-07-07,5222,103,Dealer_Hedging,1000
2026-07-07,5222,11000,Dealer_self,2000
2026-07-07,5222,0,Foreign_Dealer_Self,0
2026-07-07,5222,215510,Foreign_Investor,123513
2026-07-07,5222,0,Investment_Trust,0
2026-07-08,5222,0,Dealer_Hedging,0
2026-07-08,5222,7000,Dealer_self,6000
2026-07-08,5222,0,Foreign_Dealer_Self,0
2026-07-08,5222,159057,Foreign_Investor,119544
2026-07-08,5222,0,Investment_Trust,1000
2026-07-09,5222,0,Dealer_Hedging,1
2026-07-09,5222,0,Dealer_self,1000
2026-07-09,5222,0,Foreign_Dealer_Self,0
2026-07-09,5222,102560,Foreign_Investor,97105
2026-07-09,5222,0,Investment_Trust,0
2026-07-13,5222,0,Dealer_Hedging,1381
2026-07-13,5222,7000,Dealer_self,10001
2026-07-13,5222,0,Foreign_Dealer_Self,0
2026-07-13,5222,155125,Foreign_Investor,144701
2026-07-13,5222,0,Investment_Trust,0
2026-07-14,5222,1823,Dealer_Hedging,1000
2026-07-14,5222,9324,Dealer_self,5000
2026-07-14,5222,0,Foreign_Dealer_Self,0
2026-07-14,5222,350005,Foreign_Investor,332288
2026-07-14,5222,0,Investment_Trust,0
2026-07-15,5222,378,Dealer_Hedging,204
2026-07-15,5222,12000,Dealer_self,15000
2026-07-15,5222,0,Foreign_Dealer_Self,0
2026-07-15,5222,194006,Foreign_Investor,258001
2026-07-15,5222,0,Investment_Trust,0
2026-07-16,5222,0,Dealer_Hedging,112
2026-07-16,5222,6000,Dealer_self,11
2026-07-16,5222,0,Foreign_Dealer_Self,0
2026-07-16,5222,49004,Foreign_Investor,233680
2026-07-16,5222,0,Investment_Trust,0
2026-07-17,5222,0,Dealer_Hedging,20728
2026-07-17,5222,4000,Dealer_self,3683
2026-07-17,5222,0,Foreign_Dealer_Self,0
2026-07-17,5222,131020,Foreign_Investor,247593
2026-07-17,5222,0,Investment_Trust,0
2026-07-20,5222,0,Dealer_Hedging,2373
2026-07-20,5222,7000,Dealer_self,4977
2026-07-20,5222,0,Foreign_Dealer_Self,0
2026-07-20,5222,114500,Foreign_Investor,121000
2026-07-20,5222,0,Investment_Trust,0
2026-07-21,5222,2000,Dealer_Hedging,143
2026-07-21,5222,0,Dealer_self,3000
2026-07-21,5222,0,Foreign_Dealer_Self,0
2026-07-21,5222,195920,Foreign_Investor,59350
2026-07-21,5222,0,Investment_Trust,0
2026-07-22,5222,0,Dealer_Hedging,3869
2026-07-22,5222,5000,Dealer_self,8999
2026-07-22,5222,0,Foreign_Dealer_Self,0
2026-07-22,5222,84120,Foreign_Investor,149925
2026-07-22,5222,0,Investment_Trust,0
2026-07-23,5222,0,Dealer_Hedging,2973
2026-07-23,5222,3000,Dealer_self,1250
2026-07-23,5222,0,Foreign_Dealer_Self,0
2026-07-23,5222,37000,Foreign_Investor,117000
2026-07-23,5222,0,Investment_Trust,0
2026-07-24,5222,0,Dealer_Hedging,423
2026-07-24,5222,0,Dealer_self,0
2026-07-24,5222,0,Foreign_Dealer_Self,0
2026-07-24,5222,39000,Foreign_Investor,69000
2026-07-24,5222,0,Investment_Trust,0
2026-07-27,5222,8,Dealer_Hedging,1041
2026-07-27,5222,1000,Dealer_self,1189
2026-07-27,5222,0,Foreign_Dealer_Self,0
2026-07-27,5222,30254,Foreign_Investor,138000
2026-07-27,5222,0,Investment_Trust,0
2026-07-28,5222,0,Dealer_Hedging,8562
2026-07-28,5222,3000,Dealer_self,31005
2026-07-28,5222,0,Foreign_Dealer_Self,0
2026-07-28,5222,120338,Foreign_Investor,365375
2026-07-28,5222,2000,Investment_Trust,0
2026-07-29,5222,1083,Dealer_Hedging,5071
2026-07-29,5222,15654,Dealer_self,12190
2026-07-29,5222,0,Foreign_Dealer_Self,0
2026-07-29,5222,249729,Foreign_Investor,300001
2026-07-29,5222,0,Investment_Trust,0
2026-07-30,5222,1000,Dealer_Hedging,1083
2026-07-30,5222,6000,Dealer_self,11272
2026-07-30,5222,0,Foreign_Dealer_Self,0
2026-07-30,5222,159000,Foreign_Investor,170054
2026-07-30,5222,0,Investment_Trust,0
2026-07-31,5222,2124,Dealer_Hedging,0
2026-07-31,5222,26000,Dealer_self,1000
2026-07-31,5222,0,Foreign_Dealer_Self,0
2026-07-31,5222,114020,Foreign_Investor,58579
2026-07-31,5222,20000,Investment_Trust,0
2026-08-03,5222,1000,Dealer_Hedging,124
2026-08-03,5222,0,Dealer_self,23654
2026-08-03,5222,0,Foreign_Dealer_Self,0
2026-08-03,5222,95000,Foreign_Investor,52000
2026-08-03,5222,0,Investment_Trust,0
2026-08-04,5222,0,Dealer_Hedging,0
2026-08-04,5222,0,Dealer_self,12000
2026-08-04,5222,0,Foreign_Dealer_Self,0
2026-08-04,5222,37339,Foreign_Investor,62000
2026-08-04,5222,0,Investment_Trust,0
2026-08-05,5222,1000,Dealer_Hedging,110
2026-08-05,5222,0,Dealer_self,0
2026-08-05,5222,0,Foreign_Dealer_Self,0
2026-08-05,5222,95669,Foreign_Investor,44484
2026-08-05,5222,0,Investment_Trust,0
2026-08-06,5222,0,Dealer_self,2780
2026-08-06,5222,75006,Foreign_Investor,84984
2026-08-06,5222,0,Investment_Trust,1000
2026-08-07,5222,2000,Dealer_self,1057
2026-08-07,5222,101000,Foreign_Investor,31000
2026-08-07,5222,0,Investment_Trust,20000
2026-08-10,5222,18313,Dealer_self,15682
2026-08-10,5222,131000,Foreign_Investor,39000
2026-08-10,5222,0,Investment_Trust,1000
2026-08-11,5222,4539,Dealer_self,3043
2026-08-11,5222,32267,Foreign_Investor,72161
2026-08-11,5222,0,Investment_Trust,0
2026-08-12,5222,48285,Dealer_self,4135
2026-08-12,5222,93535,Foreign_Investor,25000
2026-08-12,5222,0,Investment_Trust,0
2026-08-13,5222,64371,Dealer_self,2173
2026-08-13,5222,173312,Foreign_Investor,77080
2026-08-13,5222,0,Investment_Trust,0
2026-08-14,5222,47437,Dealer_self,5210
2026-08-14,5222,186097,Foreign_Investor,161000
2026-08-14,5222,0,Investment_Trust,0
2026-08-17,5222,2000,Dealer_self,4006
2026-08-17,5222,61005,Foreign_Investor,147000
2026-08-17,5222,0,Investment_Trust,0
2026-08-18,5222,2000,Dealer_self,133382
2026-08-18,5222,163000,Foreign_Investor,52102
2026-08-18,5222,0,Investment_Trust,20000
2026-08-19,5222,5000,Dealer_self,2757
2026-08-19,5222,79000,Foreign_Investor,72226
2026-08-19,5222,0,Investment_Trust,20000
2026-08-20,5222,29272,Dealer_self,30563
2026-08-20,5222,67020,Foreign_Investor,363549
2026-08-20,5222,0,Investment_Trust,20000
2026-08-21,5222,4000,Dealer_self,1535
2026-08-21,5222,36000,Foreign_Investor,95001
2026-08-21,5222,0,Investment_Trust,4000
2026-08-24,5222,4000,Dealer_self,4561
2026-08-24,5222,19000,Foreign_Investor,70002
2026-08-24,5222,0,Investment_Trust,1000
2026-08-25,5222,6000,Dealer_self,5505
2026-08-25,5222,13000,Foreign_Investor,49425
2026-08-25,5222,0,Investment_Trust,0
2026-08-26,5222,4000,Dealer_self,4610
2026-08-26,5222,36000,Foreign_Investor,48000
2026-08-26,5222,0,Investment_Trust,0
2026-08-27,5222,3058,Dealer_self,4010
2026-08-27,5222,129000,Foreign_Investor,107000
2026-08-27,5222,0,Investment_Trust,0
